galloween, 2020-07-21T16:29:47Z, 2020-07-21T16:25:00Z,bob-style
galloween, 2020-07-21T09:42:29Z, 2020-07-21T09:37:51Z,bob-style
galloween, 2020-07-20T22:32:43Z, 2020-07-20T22:28:57Z,bob-style
danidin, 2020-07-20T10:00:48Z, 2020-07-20T09:39:11Z,bob-style
galloween, 2020-07-20T14:16:57Z, 2020-07-20T08:49:45Z,bob-style
galloween, 2020-07-20T06:51:44Z, 2020-07-20T06:42:13Z,bob-style
galloween, 2020-07-19T15:11:12Z, 2020-07-19T15:06:37Z,bob-style
galloween, 2020-07-19T12:47:56Z, 2020-07-19T12:41:47Z,bob-style
galloween, 2020-07-19T12:26:50Z, 2020-07-19T11:50:33Z,bob-style
galloween, 2020-07-18T20:41:45Z, 2020-07-18T20:35:33Z,bob-style
galloween, 2020-07-18T11:01:51Z, 2020-07-18T10:48:20Z,bob-style
galloween, 2020-07-15T22:49:26Z, 2020-07-15T22:42:41Z,bob-style
galloween, 2020-07-14T23:20:13Z, 2020-07-14T23:14:37Z,bob-style
galloween, 2020-07-14T10:29:42Z, 2020-07-14T10:22:46Z,bob-style
galloween, 2020-07-14T09:55:15Z, 2020-07-14T09:49:35Z,bob-style
galloween, 2020-07-14T06:58:45Z, 2020-07-14T06:51:24Z,bob-style
galloween, 2020-07-14T05:23:53Z, 2020-07-14T05:21:56Z,bob-style
galloween, 2020-07-14T04:25:13Z, 2020-07-14T04:16:59Z,bob-style
galloween, 2020-07-14T00:48:21Z, 2020-07-13T19:35:03Z,bob-style
galloween, 2020-07-13T08:15:21Z, 2020-07-13T08:10:33Z,bob-style
galloween, 2020-07-09T00:29:40Z, 2020-07-09T00:21:52Z,bob-style
galloween, 2020-07-08T23:57:59Z, 2020-07-08T23:49:48Z,bob-style
galloween, 2020-07-08T23:45:32Z, 2020-07-08T22:42:52Z,bob-style
galloween, 2020-07-08T22:23:46Z, 2020-07-08T22:08:29Z,bob-style
galloween, 2020-07-08T21:07:14Z, 2020-07-08T20:56:59Z,bob-style
galloween, 2020-07-08T17:09:07Z, 2020-07-08T16:58:41Z,bob-style
galloween, 2020-07-08T10:45:12Z, 2020-07-08T10:33:26Z,bob-style
galloween, 2020-07-08T09:26:20Z, 2020-07-08T09:18:08Z,bob-style
maximblack, 2020-07-08T08:32:54Z, 2020-07-08T07:15:51Z,bob-style
galloween, 2020-07-07T11:07:55Z, 2020-07-07T07:08:42Z,bob-style
maximblack, 2020-07-06T21:36:07Z, 2020-07-06T14:02:28Z,bob-style
galloween, 2020-07-06T11:13:30Z, 2020-07-06T11:03:12Z,bob-style
galloween, 2020-07-05T11:39:34Z, 2020-07-05T11:27:01Z,bob-style
galloween, 2020-07-05T00:27:20Z, 2020-07-05T00:16:52Z,bob-style
galloween, 2020-07-04T22:30:11Z, 2020-07-04T22:07:07Z,bob-style
maximblack, 2020-07-06T13:21:36Z, 2020-07-03T12:20:10Z,bob-style
omrihecht, 2020-07-01T11:24:50Z, 2020-07-01T11:07:30Z,bob-style
doroncy, 2020-07-09T06:59:36Z, 2020-06-30T12:45:51Z,bob-style
omrihecht, 2020-06-30T12:38:02Z, 2020-06-30T12:04:32Z,bob-style
galloween, 2020-06-29T22:25:07Z, 2020-06-29T22:15:33Z,bob-style
galloween, 2020-06-29T15:37:25Z, 2020-06-29T15:29:02Z,bob-style
omrihecht, 2020-06-29T12:25:29Z, 2020-06-29T12:10:33Z,bob-style
galloween, 2020-06-29T11:41:11Z, 2020-06-29T11:15:40Z,bob-style
galloween, 2020-06-29T10:09:57Z, 2020-06-29T08:59:20Z,bob-style
galloween, 2020-06-28T22:06:31Z, 2020-06-28T21:21:18Z,bob-style
galloween, 2020-06-28T20:25:24Z, 2020-06-28T19:58:56Z,bob-style
omrihecht, 2020-06-25T14:59:40Z, 2020-06-25T14:44:54Z,bob-style
omrihecht, 2020-06-25T12:30:37Z, 2020-06-25T11:47:32Z,bob-style
maximblack, 2020-06-25T17:09:18Z, 2020-06-25T11:30:21Z,bob-style
galloween, 2020-06-24T10:10:50Z, 2020-06-24T09:55:42Z,bob-style
galloween, 2020-06-23T10:39:59Z, 2020-06-23T10:30:48Z,bob-style
galloween, 2020-06-23T09:33:51Z, 2020-06-23T09:06:09Z,bob-style
galloween, 2020-06-21T06:59:50Z, 2020-06-21T06:48:33Z,bob-style
galloween, 2020-06-18T11:23:17Z, 2020-06-18T11:10:46Z,bob-style
galloween, 2020-06-18T06:26:35Z, 2020-06-18T06:17:41Z,bob-style
galloween, 2020-06-18T00:41:05Z, 2020-06-18T00:30:37Z,bob-style
galloween, 2020-06-16T22:21:11Z, 2020-06-16T22:11:44Z,bob-style
galloween, 2020-06-16T19:57:22Z, 2020-06-16T19:43:28Z,bob-style
omrihecht, 2020-06-16T07:46:18Z, 2020-06-16T07:33:01Z,bob-style
omrihecht, 2020-06-16T06:29:27Z, 2020-06-15T18:43:34Z,bob-style
omrihecht, 2020-06-15T18:42:08Z, 2020-06-15T18:12:50Z,bob-style
galloween, 2020-06-15T15:05:53Z, 2020-06-15T14:54:27Z,bob-style
galloween, 2020-06-15T14:25:47Z, 2020-06-15T14:12:18Z,bob-style
omrihecht, 2020-06-15T11:44:45Z, 2020-06-15T11:26:39Z,bob-style
omrihecht, 2020-06-15T05:59:49Z, 2020-06-15T05:37:52Z,bob-style
galloween, 2020-06-15T00:00:46Z, 2020-06-14T23:33:06Z,bob-style
galloween, 2020-06-14T21:41:04Z, 2020-06-14T21:30:24Z,bob-style
omrihecht, 2020-06-14T12:24:23Z, 2020-06-14T11:59:31Z,bob-style
galloween, 2020-06-14T11:49:46Z, 2020-06-14T11:34:17Z,bob-style
omrihecht, 2020-06-14T11:37:13Z, 2020-06-14T10:29:15Z,bob-style
ronyrosenberg, 2020-06-17T05:57:11Z, 2020-06-14T08:20:03Z,bob-style
omrihecht, 2020-06-11T11:53:01Z, 2020-06-11T11:39:34Z,bob-style
omrihecht, 2020-06-11T09:18:58Z, 2020-06-11T08:19:46Z,bob-style
galloween, 2020-06-10T14:23:45Z, 2020-06-10T14:15:13Z,bob-style
omrihecht, 2020-06-10T13:07:54Z, 2020-06-10T12:57:41Z,bob-style
omrihecht, 2020-06-10T10:06:45Z, 2020-06-10T09:57:12Z,bob-style
omrihecht, 2020-06-10T09:14:38Z, 2020-06-09T16:09:17Z,bob-style
galloween, 2020-06-09T13:43:35Z, 2020-06-09T13:35:20Z,bob-style
galloween, 2020-06-09T11:28:22Z, 2020-06-09T11:05:21Z,bob-style
galloween, 2020-06-08T21:46:06Z, 2020-06-08T21:45:00Z,bob-style
galloween, 2020-06-07T22:35:40Z, 2020-06-07T22:11:41Z,bob-style
galloween, 2020-06-07T19:23:10Z, 2020-06-07T18:56:48Z,bob-style
galloween, 2020-06-07T10:36:50Z, 2020-06-07T09:59:51Z,bob-style
galloween, 2020-06-04T14:27:05Z, 2020-06-04T14:17:04Z,bob-style
galloween, 2020-06-04T01:02:01Z, 2020-06-04T00:25:50Z,bob-style
doroncy, 2020-06-03T12:22:26Z, 2020-06-03T12:19:58Z,bob-style
doroncy, 2020-06-03T08:38:58Z, 2020-06-03T08:25:45Z,bob-style
galloween, 2020-06-01T21:47:18Z, 2020-06-01T21:38:37Z,bob-style
galloween, 2020-06-01T21:16:19Z, 2020-06-01T21:06:21Z,bob-style
galloween, 2020-06-01T15:17:18Z, 2020-06-01T08:19:56Z,bob-style
galloween, 2020-06-01T07:46:38Z, 2020-05-31T21:05:59Z,bob-style
galloween, 2020-05-27T12:22:27Z, 2020-05-27T12:13:10Z,bob-style
galloween, 2020-05-27T11:04:49Z, 2020-05-27T10:56:28Z,bob-style
galloween, 2020-05-27T22:28:08Z, 2020-05-26T12:51:42Z,bob-style
galloween, 2020-05-26T09:37:09Z, 2020-05-26T07:46:43Z,bob-style
galloween, 2020-05-25T18:48:44Z, 2020-05-25T18:35:02Z,bob-style
omrihecht, 2020-05-25T13:20:43Z, 2020-05-25T13:11:02Z,bob-style
omrihecht, 2020-05-25T12:16:26Z, 2020-05-25T11:54:58Z,bob-style
doroncy, 2020-05-25T09:39:36Z, 2020-05-25T08:05:27Z,bob-style
galloween, 2020-05-25T05:41:23Z, 2020-05-25T05:16:14Z,bob-style
galloween, 2020-05-25T04:29:41Z, 2020-05-24T23:53:59Z,bob-style
galloween, 2020-05-24T21:50:45Z, 2020-05-24T21:18:47Z,bob-style
galloween, 2020-05-24T19:57:44Z, 2020-05-24T19:46:42Z,bob-style
galloween, 2020-05-24T12:00:11Z, 2020-05-24T11:43:09Z,bob-style
omrihecht, 2020-05-25T10:33:11Z, 2020-05-24T10:11:45Z,bob-style
galloween, 2020-05-24T07:43:17Z, 2020-05-24T07:24:02Z,bob-style
galloween, 2020-05-21T13:09:48Z, 2020-05-21T12:58:17Z,bob-style
doroncy, 2020-05-21T06:45:07Z, 2020-05-21T06:03:17Z,bob-style
omrihecht, 2020-05-21T10:09:20Z, 2020-05-20T10:22:23Z,bob-style
doroncy, 2020-05-19T12:53:47Z, 2020-05-19T11:37:18Z,bob-style
galloween, 2020-05-19T21:20:17Z, 2020-05-19T10:04:03Z,bob-style
galloween, 2020-05-18T09:42:03Z, 2020-05-18T09:33:13Z,bob-style
galloween, 2020-05-18T02:02:29Z, 2020-05-18T01:49:17Z,bob-style
doroncy, 2020-05-17T14:41:40Z, 2020-05-17T12:27:28Z,bob-style
galloween, 2020-05-14T12:10:23Z, 2020-05-14T12:02:44Z,bob-style
doroncy, 2020-05-13T09:06:03Z, 2020-05-13T08:16:54Z,bob-style
doroncy, 2020-05-12T14:08:37Z, 2020-05-12T13:18:33Z,bob-style
galloween, 2020-05-11T17:57:53Z, 2020-05-11T17:43:21Z,bob-style
galloween, 2020-05-11T09:35:38Z, 2020-05-11T09:27:08Z,bob-style
galloween, 2020-05-11T08:29:48Z, 2020-05-11T08:22:18Z,bob-style
galloween, 2020-05-07T11:39:01Z, 2020-05-07T11:27:58Z,bob-style
omrihecht, 2020-05-06T18:47:48Z, 2020-05-06T18:38:22Z,bob-style
omrihecht, 2020-05-06T18:17:02Z, 2020-05-06T18:02:01Z,bob-style
omrihecht, 2020-05-06T17:42:34Z, 2020-05-06T17:18:03Z,bob-style
galloween, 2020-05-06T19:32:13Z, 2020-05-06T16:43:10Z,bob-style
galloween, 2020-05-06T15:48:35Z, 2020-05-06T15:23:45Z,bob-style
omrihecht, 2020-05-06T15:36:51Z, 2020-05-06T14:09:13Z,bob-style
galloween, 2020-05-06T11:45:22Z, 2020-05-06T11:37:25Z,bob-style
galloween, 2020-05-05T11:02:36Z, 2020-05-05T10:53:27Z,bob-style
doroncy, 2020-05-06T10:22:07Z, 2020-05-04T14:46:03Z,bob-style
galloween, 2020-05-04T12:26:33Z, 2020-05-04T12:06:02Z,bob-style
galloween, 2020-05-04T09:42:00Z, 2020-05-04T09:23:48Z,bob-style
galloween, 2020-05-03T14:45:27Z, 2020-05-03T14:34:15Z,bob-style
galloween, 2020-05-03T10:35:31Z, 2020-05-03T10:12:34Z,bob-style
galloween, 2020-05-03T09:57:58Z, 2020-05-03T09:48:22Z,bob-style
galloween, 2020-05-03T08:03:57Z, 2020-05-03T07:54:47Z,bob-style
doroncy, 2020-05-03T07:12:54Z, 2020-05-03T06:08:02Z,bob-style
galloween, 2020-04-27T18:29:01Z, 2020-04-27T16:44:13Z,bob-style
galloween, 2020-04-27T11:41:25Z, 2020-04-27T11:18:39Z,bob-style
galloween, 2020-04-26T11:21:25Z, 2020-04-26T11:14:01Z,bob-style
galloween, 2020-04-26T10:58:51Z, 2020-04-26T10:50:00Z,bob-style
galloween, 2020-04-26T07:08:57Z, 2020-04-26T06:59:41Z,bob-style
galloween, 2020-04-25T21:39:46Z, 2020-04-25T21:30:43Z,bob-style
galloween, 2020-04-25T21:22:49Z, 2020-04-25T21:03:55Z,bob-style
galloween, 2020-04-25T21:01:36Z, 2020-04-23T13:07:53Z,bob-style
rinat-shemer, 2020-04-20T20:37:17Z, 2020-04-20T13:19:18Z,bob-style
galloween, 2020-04-06T16:56:32Z, 2020-04-06T16:47:49Z,bob-style
galloween, 2020-04-06T16:13:22Z, 2020-04-06T15:28:41Z,bob-style
galloween, 2020-04-06T13:01:40Z, 2020-04-06T12:41:49Z,bob-style
galloween, 2020-04-05T13:54:26Z, 2020-04-05T13:51:07Z,bob-style
galloween, 2020-04-05T11:06:39Z, 2020-04-05T07:45:33Z,bob-style
galloween, 2020-04-02T13:59:02Z, 2020-04-02T13:42:44Z,bob-style
galloween, 2020-04-02T13:29:05Z, 2020-04-02T13:28:55Z,bob-style
galloween, 2020-04-02T12:28:35Z, 2020-04-02T12:19:07Z,bob-style
galloween, 2020-04-02T11:22:39Z, 2020-04-02T10:23:09Z,bob-style
omrihecht, 2020-04-01T09:40:50Z, 2020-04-01T08:41:45Z,bob-style
galloween, 2020-04-01T01:34:34Z, 2020-04-01T01:17:20Z,bob-style
galloween, 2020-03-31T13:24:01Z, 2020-03-31T13:14:13Z,bob-style
galloween, 2020-03-31T11:28:20Z, 2020-03-31T11:18:53Z,bob-style
galloween, 2020-03-30T20:33:29Z, 2020-03-30T18:01:37Z,bob-style
galloween, 2020-03-30T09:58:41Z, 2020-03-30T09:32:28Z,bob-style
galloween, 2020-03-30T00:47:24Z, 2020-03-30T00:37:15Z,bob-style
doroncy, 2020-03-30T18:19:51Z, 2020-03-29T21:43:01Z,bob-style
galloween, 2020-03-29T19:20:56Z, 2020-03-29T19:14:01Z,bob-style
galloween, 2020-03-29T17:21:24Z, 2020-03-29T17:13:05Z,bob-style
galloween, 2020-03-29T16:27:06Z, 2020-03-29T16:17:11Z,bob-style
doroncy, 2020-03-29T10:22:08Z, 2020-03-29T09:54:17Z,bob-style
galloween, 2020-03-29T09:46:11Z, 2020-03-29T09:32:11Z,bob-style
galloween, 2020-03-26T02:18:12Z, 2020-03-26T02:07:28Z,bob-style
galloween, 2020-03-25T21:21:35Z, 2020-03-25T21:12:38Z,bob-style
galloween, 2020-03-25T15:26:11Z, 2020-03-25T15:06:21Z,bob-style
galloween, 2020-03-24T12:03:00Z, 2020-03-24T11:52:48Z,bob-style
galloween, 2020-03-23T19:13:47Z, 2020-03-23T19:13:37Z,bob-style
omrihecht, 2020-03-23T14:16:22Z, 2020-03-23T13:00:14Z,bob-style
galloween, 2020-03-23T10:37:08Z, 2020-03-23T10:28:14Z,bob-style
galloween, 2020-03-23T10:06:03Z, 2020-03-23T09:57:05Z,bob-style
PovarovDenis, 2020-03-23T09:12:38Z, 2020-03-23T06:29:06Z,bob-style
galloween, 2020-03-22T17:10:13Z, 2020-03-22T16:59:27Z,bob-style
galloween, 2020-03-22T15:40:22Z, 2020-03-22T15:33:21Z,bob-style
galloween, 2020-03-22T11:14:44Z, 2020-03-22T11:07:08Z,bob-style
galloween, 2020-03-22T09:11:58Z, 2020-03-22T07:31:35Z,bob-style
galloween, 2020-03-21T11:12:33Z, 2020-03-21T09:49:22Z,bob-style
galloween, 2020-03-21T08:59:31Z, 2020-03-21T08:50:51Z,bob-style
galloween, 2020-03-21T08:23:57Z, 2020-03-20T14:25:32Z,bob-style
galloween, 2020-03-19T20:47:27Z, 2020-03-19T20:37:13Z,bob-style
galloween, 2020-03-19T11:49:37Z, 2020-03-18T23:13:08Z,bob-style
PovarovDenis, 2020-03-21T11:40:55Z, 2020-03-18T13:27:27Z,bob-style
galloween, 2020-03-18T13:03:14Z, 2020-03-18T12:53:27Z,bob-style
ronyrosenberg, 2020-03-18T11:36:34Z, 2020-03-18T11:19:43Z,bob-style
galloween, 2020-03-17T23:20:09Z, 2020-03-17T22:47:09Z,bob-style
galloween, 2020-03-17T13:59:25Z, 2020-03-17T12:57:08Z,bob-style
galloween, 2020-03-16T14:23:38Z, 2020-03-16T13:08:17Z,bob-style
galloween, 2020-03-15T13:05:52Z, 2020-03-15T12:56:34Z,bob-style
galloween, 2020-03-15T10:19:33Z, 2020-03-15T09:39:03Z,bob-style
galloween, 2020-03-12T22:17:29Z, 2020-03-12T20:48:18Z,bob-style
galloween, 2020-03-12T13:29:25Z, 2020-03-12T13:21:56Z,bob-style
galloween, 2020-03-11T20:52:00Z, 2020-03-11T19:57:26Z,bob-style
galloween, 2020-03-11T10:36:35Z, 2020-03-10T17:30:22Z,bob-style
galloween, 2020-03-08T11:32:26Z, 2020-03-08T11:22:13Z,bob-style
galloween, 2020-03-04T14:50:02Z, 2020-03-04T13:39:00Z,bob-style
galloween, 2020-03-04T12:12:40Z, 2020-03-04T12:02:58Z,bob-style
galloween, 2020-03-04T10:57:17Z, 2020-03-04T10:47:50Z,bob-style
galloween, 2020-03-03T16:38:35Z, 2020-03-03T15:42:46Z,bob-style
galloween, 2020-03-03T12:13:20Z, 2020-03-03T11:47:06Z,bob-style
galloween, 2020-03-03T09:28:03Z, 2020-03-03T09:19:44Z,bob-style
galloween, 2020-03-03T09:06:49Z, 2020-03-03T08:58:30Z,bob-style
omrihecht, 2020-03-03T08:57:25Z, 2020-03-03T08:22:06Z,bob-style
galloween, 2020-03-01T21:52:22Z, 2020-03-01T21:43:23Z,bob-style
galloween, 2020-03-01T15:57:08Z, 2020-03-01T15:48:59Z,bob-style
galloween, 2020-03-01T13:45:15Z, 2020-03-01T12:30:48Z,bob-style
itayod, 2020-03-01T11:28:02Z, 2020-03-01T10:17:11Z,bob-style
eliraneliassy, 2020-03-01T10:42:08Z, 2020-03-01T10:10:54Z,bob-style
galloween, 2020-03-01T08:14:50Z, 2020-03-01T08:01:53Z,bob-style
galloween, 2020-02-29T21:15:48Z, 2020-02-29T20:47:41Z,bob-style
galloween, 2020-02-28T20:47:26Z, 2020-02-28T19:13:45Z,bob-style
galloween, 2020-02-27T12:52:00Z, 2020-02-26T17:21:34Z,bob-style
galloween, 2020-02-26T17:03:31Z, 2020-02-26T16:53:33Z,bob-style
galloween, 2020-02-26T12:23:17Z, 2020-02-26T12:12:51Z,bob-style
galloween, 2020-02-26T10:20:33Z, 2020-02-26T10:10:01Z,bob-style
itayod, 2020-02-26T09:56:02Z, 2020-02-26T09:40:58Z,bob-style
galloween, 2020-02-26T06:39:11Z, 2020-02-25T16:15:34Z,bob-style
oridanus, 2020-02-25T16:05:25Z, 2020-02-25T15:56:11Z,bob-style
galloween, 2020-02-25T14:55:23Z, 2020-02-25T14:46:17Z,bob-style
oridanus, 2020-02-25T15:15:10Z, 2020-02-25T14:33:44Z,bob-style
omrihecht, 2020-02-25T13:37:41Z, 2020-02-25T11:59:23Z,bob-style
itayod, 2020-02-25T14:44:42Z, 2020-02-25T09:51:57Z,bob-style
galloween, 2020-02-24T17:07:30Z, 2020-02-24T16:58:58Z,bob-style
oridanus, 2020-02-25T09:17:29Z, 2020-02-24T15:44:11Z,bob-style
galloween, 2020-02-24T13:58:17Z, 2020-02-24T13:46:59Z,bob-style
galloween, 2020-02-24T12:25:23Z, 2020-02-24T12:16:20Z,bob-style
galloween, 2020-02-23T13:56:49Z, 2020-02-23T13:12:17Z,bob-style
galloween, 2020-02-20T12:17:53Z, 2020-02-20T12:08:55Z,bob-style
galloween, 2020-02-20T10:28:02Z, 2020-02-20T10:17:29Z,bob-style
galloween, 2020-02-20T09:40:21Z, 2020-02-20T06:45:38Z,bob-style
itayod, 2020-02-19T09:02:40Z, 2020-02-18T14:20:10Z,bob-style
galloween, 2020-02-17T12:27:39Z, 2020-02-17T09:41:37Z,bob-style
galloween, 2020-02-16T20:52:25Z, 2020-02-16T20:43:17Z,bob-style
galloween, 2020-02-16T12:27:23Z, 2020-02-16T12:19:15Z,bob-style
galloween, 2020-02-16T11:12:12Z, 2020-02-16T11:03:41Z,bob-style
omrihecht, 2020-02-16T10:08:12Z, 2020-02-16T09:58:02Z,bob-style
galloween, 2020-02-13T13:48:05Z, 2020-02-13T13:35:56Z,bob-style
galloween, 2020-02-13T11:43:32Z, 2020-02-13T11:37:05Z,bob-style
pazt, 2020-02-13T10:32:38Z, 2020-02-13T10:24:40Z,bob-style
omrihecht, 2020-02-13T07:24:11Z, 2020-02-13T06:52:31Z,bob-style
galloween, 2020-02-13T11:22:32Z, 2020-02-12T21:22:52Z,bob-style
doroncy, 2020-03-01T09:52:57Z, 2020-02-12T11:43:09Z,bob-style
galloween, 2020-02-12T11:43:22Z, 2020-02-11T22:02:23Z,bob-style
pazt, 2020-02-11T16:35:27Z, 2020-02-11T16:21:22Z,bob-style
pazt, 2020-02-11T15:49:15Z, 2020-02-11T15:48:56Z,bob-style
galloween, 2020-02-12T16:46:48Z, 2020-02-11T14:41:49Z,bob-style
galloween, 2020-02-11T12:39:52Z, 2020-02-11T12:31:43Z,bob-style
galloween, 2020-02-11T12:10:17Z, 2020-02-11T12:00:05Z,bob-style
galloween, 2020-02-11T11:20:23Z, 2020-02-11T11:10:39Z,bob-style
ronyrosenberg, 2020-02-10T14:54:35Z, 2020-02-10T14:46:22Z,bob-style
simonScheff, 2020-02-12T11:43:24Z, 2020-02-10T09:53:34Z,bob-style
doroncy, 2020-02-09T13:21:26Z, 2020-02-09T13:05:34Z,bob-style
omrihecht, 2020-02-09T10:02:41Z, 2020-02-09T09:41:37Z,bob-style
doroncy, 2020-02-06T15:33:59Z, 2020-02-06T15:00:50Z,bob-style
rinat-shemer, 2020-02-06T13:45:55Z, 2020-02-06T13:26:07Z,bob-style
galloween, 2020-02-06T10:10:47Z, 2020-02-06T10:02:40Z,bob-style
harellevy, 2020-02-05T12:21:49Z, 2020-02-05T12:11:27Z,bob-style
harellevy, 2020-02-05T11:33:52Z, 2020-02-05T11:21:20Z,bob-style
harellevy, 2020-02-04T18:49:42Z, 2020-02-04T17:11:13Z,bob-style
harellevy, 2020-02-04T17:10:00Z, 2020-02-04T14:32:26Z,bob-style
omrihecht, 2020-02-04T14:40:38Z, 2020-02-04T14:16:11Z,bob-style
galloween, 2020-02-04T13:14:24Z, 2020-02-04T12:39:09Z,bob-style
galloween, 2020-02-04T08:21:26Z, 2020-02-04T08:11:47Z,bob-style
galloween, 2020-02-04T07:54:35Z, 2020-02-04T07:41:16Z,bob-style
galloween, 2020-02-03T21:56:01Z, 2020-02-03T21:41:26Z,bob-style
galloween, 2020-02-03T19:50:11Z, 2020-02-03T19:40:28Z,bob-style
galloween, 2020-02-03T15:53:47Z, 2020-02-03T13:39:10Z,bob-style
omrihecht, 2020-02-03T12:36:39Z, 2020-02-03T12:05:54Z,bob-style
galloween, 2020-02-02T11:39:29Z, 2020-02-02T11:29:35Z,bob-style
galloween, 2020-02-02T09:05:18Z, 2020-02-02T08:54:38Z,bob-style
galloween, 2020-02-02T08:52:53Z, 2020-02-02T08:50:43Z,bob-style
galloween, 2020-01-30T02:08:05Z, 2020-01-30T00:48:23Z,bob-style
galloween, 2020-01-30T00:43:26Z, 2020-01-30T00:32:51Z,bob-style
galloween, 2020-01-29T23:05:12Z, 2020-01-29T22:22:56Z,bob-style
omrihecht, 2020-01-29T16:21:55Z, 2020-01-29T13:12:57Z,bob-style
galloween, 2020-02-06T09:36:42Z, 2020-01-29T09:54:47Z,bob-style
galloween, 2020-01-29T09:10:43Z, 2020-01-29T09:02:59Z,bob-style
galloween, 2020-01-29T08:27:37Z, 2020-01-28T23:03:07Z,bob-style
galloween, 2020-01-28T18:41:43Z, 2020-01-28T18:26:37Z,bob-style
galloween, 2020-01-28T18:01:59Z, 2020-01-28T17:52:54Z,bob-style
galloween, 2020-01-28T14:38:13Z, 2020-01-28T13:42:50Z,bob-style
galloween, 2020-01-28T12:58:54Z, 2020-01-28T12:39:18Z,bob-style
galloween, 2020-01-28T11:27:33Z, 2020-01-28T11:18:39Z,bob-style
galloween, 2020-01-27T14:35:31Z, 2020-01-27T14:25:10Z,bob-style
galloween, 2020-01-27T12:55:44Z, 2020-01-27T12:48:42Z,bob-style
galloween, 2020-01-27T11:59:39Z, 2020-01-27T11:44:09Z,bob-style
galloween, 2020-01-27T11:34:55Z, 2020-01-27T11:24:10Z,bob-style
galloween, 2020-01-27T10:29:26Z, 2020-01-27T10:20:34Z,bob-style
galloween, 2020-01-27T09:59:16Z, 2020-01-27T09:49:37Z,bob-style
galloween, 2020-01-27T09:12:48Z, 2020-01-27T09:03:47Z,bob-style
omrihecht, 2020-01-27T06:29:17Z, 2020-01-26T16:18:29Z,bob-style
omrihecht, 2020-01-23T12:09:28Z, 2020-01-23T11:58:26Z,bob-style
itayod, 2020-01-23T10:24:24Z, 2020-01-23T09:46:47Z,bob-style
harellevy, 2020-01-22T16:02:27Z, 2020-01-22T14:08:41Z,bob-style
omrihecht, 2020-01-22T08:36:25Z, 2020-01-22T07:57:08Z,bob-style
tomeraronovsky, 2020-01-27T15:54:02Z, 2020-01-21T09:54:46Z,bob-style
tomeraronovsky, 2020-01-21T08:41:54Z, 2020-01-19T14:54:25Z,bob-style
galloween, 2020-01-28T10:22:21Z, 2020-01-17T00:48:54Z,bob-style
galloween, 2020-01-16T22:45:07Z, 2020-01-16T21:49:59Z,bob-style
galloween, 2020-01-16T21:31:08Z, 2020-01-16T17:01:51Z,bob-style
galloween, 2020-01-16T15:30:03Z, 2020-01-16T15:11:15Z,bob-style
galloween, 2020-01-16T09:13:49Z, 2020-01-16T08:08:11Z,bob-style
galloween, 2020-01-15T21:31:26Z, 2020-01-15T21:21:42Z,bob-style
galloween, 2020-01-15T13:01:34Z, 2020-01-15T12:57:32Z,bob-style
galloween, 2020-01-15T12:18:57Z, 2020-01-15T11:19:36Z,bob-style
galloween, 2020-01-15T10:12:05Z, 2020-01-15T09:22:02Z,bob-style
omrihecht, 2020-01-15T08:42:53Z, 2020-01-15T07:05:29Z,bob-style
galloween, 2020-01-14T14:03:14Z, 2020-01-14T12:09:56Z,bob-style
galloween, 2020-01-14T10:28:29Z, 2020-01-14T09:36:57Z,bob-style
galloween, 2020-01-15T08:32:11Z, 2020-01-14T09:29:00Z,bob-style
galloween, 2020-01-14T09:19:24Z, 2020-01-14T09:01:39Z,bob-style
galloween, 2020-01-14T08:45:32Z, 2020-01-14T08:36:16Z,bob-style
galloween, 2020-01-14T14:26:25Z, 2020-01-14T07:57:46Z,bob-style
omrihecht, 2020-01-14T08:35:25Z, 2020-01-14T07:54:11Z,bob-style
galloween, 2020-01-12T13:16:21Z, 2020-01-12T11:53:03Z,bob-style
galloween, 2020-01-12T11:44:51Z, 2020-01-12T11:36:55Z,bob-style
galloween, 2020-01-09T16:22:44Z, 2020-01-09T15:11:36Z,bob-style
galloween, 2020-01-09T17:20:40Z, 2020-01-09T11:45:45Z,bob-style
galloween, 2020-01-09T15:57:52Z, 2020-01-09T09:29:40Z,bob-style
galloween, 2020-01-09T09:28:16Z, 2020-01-09T09:19:15Z,bob-style
galloween, 2020-01-08T19:54:12Z, 2020-01-08T19:36:17Z,bob-style
omrihecht, 2020-01-08T09:41:18Z, 2020-01-08T09:32:04Z,bob-style
galloween, 2020-01-08T10:41:49Z, 2020-01-08T09:05:15Z,bob-style
ishaiborovoy, 2020-01-08T07:49:09Z, 2020-01-07T13:30:02Z,bob-style
tomeraronovsky, 2020-01-07T08:06:15Z, 2020-01-07T07:46:38Z,bob-style
galloween, 2020-01-06T14:15:58Z, 2020-01-06T13:35:50Z,bob-style
galloween, 2020-01-06T11:18:32Z, 2020-01-06T11:01:30Z,bob-style
galloween, 2020-01-06T08:54:12Z, 2020-01-06T08:45:24Z,bob-style
omrihecht, 2020-01-06T07:56:55Z, 2020-01-06T07:37:27Z,bob-style
galloween, 2020-01-05T20:01:35Z, 2020-01-05T19:51:43Z,bob-style
galloween, 2020-01-05T17:02:17Z, 2020-01-05T17:01:37Z,bob-style
galloween, 2020-01-05T15:51:51Z, 2020-01-05T15:43:27Z,bob-style
galloween, 2020-01-05T13:22:15Z, 2020-01-05T13:13:31Z,bob-style
galloween, 2020-01-05T10:57:48Z, 2020-01-05T08:45:23Z,bob-style
ishaiborovoy, 2020-01-02T13:18:07Z, 2020-01-02T13:06:17Z,bob-style
galloween, 2020-01-02T11:23:07Z, 2020-01-02T11:07:37Z,bob-style
galloween, 2020-01-02T10:49:17Z, 2020-01-02T10:36:18Z,bob-style
galloween, 2020-01-01T20:21:52Z, 2020-01-01T20:12:56Z,bob-style
galloween, 2020-01-01T13:26:24Z, 2020-01-01T13:09:53Z,bob-style
itayod, 2020-01-01T13:05:43Z, 2020-01-01T12:56:31Z,bob-style
galloween, 2020-01-01T10:50:40Z, 2020-01-01T10:29:49Z,bob-style
galloween, 2020-01-01T09:48:40Z, 2020-01-01T09:40:44Z,bob-style
ishaiborovoy, 2020-01-01T10:14:40Z, 2020-01-01T07:49:57Z,bob-style
galloween, 2019-12-31T15:05:11Z, 2019-12-31T14:55:10Z,bob-style
galloween, 2019-12-31T14:12:16Z, 2019-12-31T14:06:08Z,bob-style
galloween, 2019-12-31T12:08:09Z, 2019-12-31T11:57:57Z,bob-style
ishaiborovoy, 2019-12-31T11:37:16Z, 2019-12-31T11:03:46Z,bob-style
galloween, 2019-12-31T11:45:34Z, 2019-12-31T10:33:59Z,bob-style
itayod, 2019-12-31T13:53:08Z, 2019-12-30T15:48:17Z,bob-style
galloween, 2019-12-30T17:01:14Z, 2019-12-30T14:38:22Z,bob-style
harellevy, 2019-12-31T11:05:35Z, 2019-12-30T13:12:42Z,bob-style
omrihecht, 2019-12-30T11:54:19Z, 2019-12-30T11:41:07Z,bob-style
galloween, 2019-12-30T13:53:19Z, 2019-12-29T17:09:22Z,bob-style
ishaiborovoy, 2019-12-29T14:27:30Z, 2019-12-29T14:14:35Z,bob-style
ishaiborovoy, 2019-12-29T13:46:29Z, 2019-12-29T13:43:33Z,bob-style
galloween, 2019-12-29T13:54:13Z, 2019-12-29T13:41:40Z,bob-style
ishaiborovoy, 2019-12-29T11:58:30Z, 2019-12-29T11:40:09Z,bob-style
danyro0, 2019-12-30T08:27:00Z, 2019-12-29T10:59:09Z,bob-style
omrihecht, 2019-12-29T11:36:33Z, 2019-12-29T10:49:25Z,bob-style
ishaiborovoy, 2019-12-29T11:11:11Z, 2019-12-29T09:27:39Z,bob-style
galloween, 2019-12-26T13:13:22Z, 2019-12-26T13:03:31Z,bob-style
galloween, 2019-12-26T12:26:33Z, 2019-12-26T12:17:27Z,bob-style
ishaiborovoy, 2019-12-26T11:29:18Z, 2019-12-26T11:17:05Z,bob-style
galloween, 2019-12-26T09:46:31Z, 2019-12-26T09:36:53Z,bob-style
danyro0, 2019-12-29T16:31:00Z, 2019-12-25T15:24:39Z,bob-style
itayod, 2019-12-26T08:47:06Z, 2019-12-25T14:41:19Z,bob-style
ishaiborovoy, 2019-12-25T13:14:20Z, 2019-12-25T12:58:30Z,bob-style
galloween, 2019-12-25T12:52:10Z, 2019-12-25T12:30:42Z,bob-style
galloween, 2019-12-25T12:23:46Z, 2019-12-25T12:16:12Z,bob-style
galloween, 2019-12-25T10:25:10Z, 2019-12-25T10:16:36Z,bob-style
galloween, 2019-12-25T10:04:42Z, 2019-12-25T09:56:27Z,bob-style
omrihecht, 2019-12-25T08:56:17Z, 2019-12-25T08:28:57Z,bob-style
omrihecht, 2019-12-24T16:56:32Z, 2019-12-24T16:48:54Z,bob-style
galloween, 2019-12-24T17:42:03Z, 2019-12-24T16:37:51Z,bob-style
itayod, 2019-12-24T16:09:45Z, 2019-12-24T15:55:47Z,bob-style
galloween, 2019-12-24T12:32:38Z, 2019-12-24T12:24:06Z,bob-style
rinat-shemer, 2019-12-24T11:04:40Z, 2019-12-24T09:36:00Z,bob-style
ishaiborovoy, 2019-12-24T08:06:18Z, 2019-12-24T07:48:00Z,bob-style
ishaiborovoy, 2019-12-23T15:10:07Z, 2019-12-23T15:01:49Z,bob-style
harellevy, 2019-12-24T11:33:02Z, 2019-12-23T14:59:36Z,bob-style
ishaiborovoy, 2019-12-23T14:28:58Z, 2019-12-23T14:21:26Z,bob-style
ishaiborovoy, 2019-12-23T13:50:56Z, 2019-12-23T12:58:09Z,bob-style
galloween, 2019-12-23T11:55:50Z, 2019-12-23T11:48:35Z,bob-style
ishaiborovoy, 2019-12-23T12:38:27Z, 2019-12-23T10:30:52Z,bob-style
omrihecht, 2019-12-23T07:38:05Z, 2019-12-23T07:22:51Z,bob-style
galloween, 2019-12-23T09:35:46Z, 2019-12-22T21:01:37Z,bob-style
galloween, 2019-12-22T17:40:11Z, 2019-12-22T16:54:32Z,bob-style
omerm80, 2019-12-30T09:56:38Z, 2019-12-22T14:17:13Z,bob-style
harellevy, 2019-12-22T14:26:27Z, 2019-12-22T14:14:59Z,bob-style
galloween, 2019-12-22T13:38:14Z, 2019-12-22T13:29:52Z,bob-style
harellevy, 2019-12-22T13:19:50Z, 2019-12-22T12:48:14Z,bob-style
galloween, 2019-12-22T12:53:36Z, 2019-12-22T12:46:29Z,bob-style
galloween, 2019-12-21T12:39:28Z, 2019-12-21T12:27:27Z,bob-style
galloween, 2019-12-21T12:16:38Z, 2019-12-21T11:58:11Z,bob-style
omrihecht, 2019-12-20T21:23:02Z, 2019-12-20T19:43:44Z,bob-style
galloween, 2019-12-21T11:55:24Z, 2019-12-20T19:42:01Z,bob-style
galloween, 2019-12-20T15:07:47Z, 2019-12-20T13:39:13Z,bob-style
galloween, 2019-12-20T13:29:02Z, 2019-12-19T23:49:21Z,bob-style
galloween, 2019-12-19T15:36:08Z, 2019-12-19T15:22:51Z,bob-style
galloween, 2019-12-19T15:15:28Z, 2019-12-19T14:58:59Z,bob-style
galloween, 2019-12-19T14:24:21Z, 2019-12-19T13:45:38Z,bob-style
galloween, 2019-12-19T13:15:26Z, 2019-12-19T13:00:59Z,bob-style
galloween, 2019-12-19T06:44:58Z, 2019-12-19T06:37:33Z,bob-style
galloween, 2019-12-19T00:11:35Z, 2019-12-18T23:44:53Z,bob-style
galloween, 2019-12-18T23:21:14Z, 2019-12-18T22:09:51Z,bob-style
galloween, 2019-12-18T21:55:21Z, 2019-12-18T21:06:29Z,bob-style
galloween, 2019-12-18T15:56:34Z, 2019-12-18T15:28:44Z,bob-style
itayod, 2019-12-24T14:46:49Z, 2019-12-18T15:16:23Z,bob-style
galloween, 2019-12-18T15:07:40Z, 2019-12-18T15:02:41Z,bob-style
galloween, 2019-12-18T14:19:16Z, 2019-12-18T10:58:36Z,bob-style
itayod, 2019-12-18T09:20:31Z, 2019-12-18T08:54:28Z,bob-style
rinat-shemer, 2019-12-17T16:36:10Z, 2019-12-17T16:21:36Z,bob-style
rinat-shemer, 2019-12-17T13:52:22Z, 2019-12-17T13:43:10Z,bob-style
benbaler, 2019-12-18T15:31:58Z, 2019-12-17T11:30:39Z,bob-style
galloween, 2019-12-16T19:57:39Z, 2019-12-16T19:41:50Z,bob-style
galloween, 2019-12-16T18:38:22Z, 2019-12-16T17:29:40Z,bob-style
galloween, 2019-12-16T16:44:15Z, 2019-12-16T16:27:30Z,bob-style
galloween, 2019-12-16T12:30:32Z, 2019-12-16T12:18:57Z,bob-style
galloween, 2019-12-15T16:34:21Z, 2019-12-15T15:40:48Z,bob-style
galloween, 2019-12-15T10:09:52Z, 2019-12-15T09:59:33Z,bob-style
omrihecht, 2019-12-12T18:17:45Z, 2019-12-12T18:09:19Z,bob-style
galloween, 2019-12-13T16:16:52Z, 2019-12-12T16:02:11Z,bob-style
harellevy, 2019-12-12T16:11:56Z, 2019-12-12T15:56:50Z,bob-style
galloween, 2019-12-12T12:39:05Z, 2019-12-12T12:01:17Z,bob-style
omrihecht, 2019-12-12T17:09:04Z, 2019-12-11T21:40:07Z,bob-style
rinat-shemer, 2019-12-12T09:37:08Z, 2019-12-11T13:04:18Z,bob-style
galloween, 2019-12-11T12:18:40Z, 2019-12-11T12:03:59Z,bob-style
galloween, 2019-12-10T11:34:28Z, 2019-12-10T11:25:46Z,bob-style
harellevy, 2019-12-10T16:58:17Z, 2019-12-09T18:42:50Z,bob-style
galloween, 2019-12-11T11:36:37Z, 2019-12-09T16:47:04Z,bob-style
galloween, 2019-12-08T19:21:45Z, 2019-12-08T19:09:53Z,bob-style
galloween, 2019-12-08T13:18:37Z, 2019-12-08T13:10:48Z,bob-style
galloween, 2019-12-08T12:32:18Z, 2019-12-08T12:26:41Z,bob-style
galloween, 2019-12-08T10:53:14Z, 2019-12-08T10:46:31Z,bob-style
galloween, 2019-12-05T10:11:17Z, 2019-12-05T09:53:28Z,bob-style
galloween, 2019-12-05T09:19:15Z, 2019-12-05T09:11:12Z,bob-style
galloween, 2019-12-05T07:55:53Z, 2019-12-05T07:45:25Z,bob-style
galloween, 2019-12-05T07:41:25Z, 2019-12-05T07:17:58Z,bob-style
galloween, 2019-12-05T06:47:59Z, 2019-12-05T06:47:16Z,bob-style
galloween, 2019-12-04T15:33:19Z, 2019-12-04T12:48:18Z,bob-style
galloween, 2019-12-04T09:18:52Z, 2019-12-04T09:17:59Z,bob-style
galloween, 2019-12-03T10:24:49Z, 2019-12-03T09:02:16Z,bob-style
galloween, 2019-12-02T19:31:07Z, 2019-12-02T18:08:50Z,bob-style
galloween, 2019-12-02T15:18:47Z, 2019-12-02T15:11:12Z,bob-style
galloween, 2019-12-02T12:41:05Z, 2019-12-02T12:32:41Z,bob-style
omrihecht, 2019-12-02T12:14:05Z, 2019-12-02T11:56:31Z,bob-style
oriv, 2019-12-01T13:04:45Z, 2019-12-01T11:39:04Z,bob-style
galloween, 2019-11-28T15:17:51Z, 2019-11-28T15:02:12Z,bob-style
galloween, 2019-11-28T11:25:23Z, 2019-11-28T10:11:09Z,bob-style
galloween, 2019-11-27T16:55:20Z, 2019-11-27T16:34:38Z,bob-style
galloween, 2019-11-27T15:20:57Z, 2019-11-27T15:04:10Z,bob-style
ishaiborovoy, 2019-11-27T12:30:24Z, 2019-11-27T11:42:44Z,bob-style
galloween, 2019-12-02T09:17:17Z, 2019-11-26T19:59:12Z,bob-style
galloween, 2019-11-26T14:49:32Z, 2019-11-26T14:25:54Z,bob-style
oriv, 2019-11-26T12:35:03Z, 2019-11-26T12:23:33Z,bob-style
galloween, 2019-11-26T07:21:23Z, 2019-11-26T07:09:22Z,bob-style
galloween, 2019-11-26T06:49:51Z, 2019-11-26T06:34:56Z,bob-style
galloween, 2019-11-26T05:54:24Z, 2019-11-26T00:24:39Z,bob-style
galloween, 2019-11-25T23:00:46Z, 2019-11-25T22:40:51Z,bob-style
galloween, 2019-11-25T22:23:12Z, 2019-11-25T21:24:52Z,bob-style
galloween, 2019-11-25T21:23:13Z, 2019-11-25T20:50:50Z,bob-style
omrihecht, 2019-11-25T15:46:04Z, 2019-11-25T15:24:56Z,bob-style
galloween, 2019-11-25T14:56:36Z, 2019-11-25T14:50:03Z,bob-style
galloween, 2019-11-25T17:26:11Z, 2019-11-25T14:10:58Z,bob-style
oriv, 2019-11-26T10:08:32Z, 2019-11-25T13:23:44Z,bob-style
galloween, 2019-11-24T21:28:27Z, 2019-11-24T21:22:00Z,bob-style
danidin, 2019-11-24T19:00:13Z, 2019-11-24T15:57:56Z,bob-style
galloween, 2019-11-24T14:48:55Z, 2019-11-24T14:44:56Z,bob-style
danidin, 2019-11-24T14:01:06Z, 2019-11-24T13:13:28Z,bob-style
galloween, 2019-11-24T10:09:00Z, 2019-11-24T09:57:29Z,bob-style
galloween, 2019-11-24T09:31:15Z, 2019-11-24T08:26:00Z,bob-style
danidin, 2019-11-21T17:37:28Z, 2019-11-21T17:29:12Z,bob-style
galloween, 2019-11-21T17:27:28Z, 2019-11-21T16:26:45Z,bob-style
galloween, 2019-12-04T23:01:10Z, 2019-11-21T14:06:09Z,bob-style
danidin, 2019-11-21T14:05:13Z, 2019-11-21T13:49:20Z,bob-style
omrihecht, 2019-11-21T12:47:25Z, 2019-11-21T12:38:10Z,bob-style
galloween, 2019-11-21T08:43:20Z, 2019-11-20T22:58:47Z,bob-style
galloween, 2019-11-20T13:25:13Z, 2019-11-20T12:26:24Z,bob-style
galloween, 2019-11-20T12:13:38Z, 2019-11-20T12:05:49Z,bob-style
galloween, 2019-11-20T10:05:27Z, 2019-11-20T09:53:11Z,bob-style
galloween, 2019-11-20T08:42:05Z, 2019-11-20T08:30:22Z,bob-style
tomeraronovsky, 2019-11-20T09:06:06Z, 2019-11-20T07:24:04Z,bob-style
rinat-shemer, 2019-11-19T12:55:33Z, 2019-11-19T12:48:14Z,bob-style
galloween, 2019-11-18T21:02:11Z, 2019-11-18T16:44:08Z,bob-style
danidin, 2019-11-21T13:35:09Z, 2019-11-18T14:08:00Z,bob-style
omrihecht, 2019-11-18T09:02:34Z, 2019-11-18T08:01:31Z,bob-style
omrihecht, 2019-11-18T07:44:50Z, 2019-11-18T07:23:32Z,bob-style
rinat-shemer, 2019-11-17T12:59:04Z, 2019-11-17T12:27:31Z,bob-style
avgdorom, 2019-11-17T09:45:08Z, 2019-11-17T09:37:39Z,bob-style
omrihecht, 2019-11-17T08:22:25Z, 2019-11-17T07:56:21Z,bob-style
galloween, 2019-11-20T09:35:06Z, 2019-11-17T06:55:57Z,bob-style
galloween, 2019-11-15T22:05:13Z, 2019-11-15T21:16:06Z,bob-style
galloween, 2019-11-15T21:06:43Z, 2019-11-15T18:44:06Z,bob-style
avgdorom, 2019-11-14T15:49:48Z, 2019-11-14T15:35:45Z,bob-style
avgdorom, 2019-11-14T14:41:38Z, 2019-11-14T14:26:46Z,bob-style
galloween, 2019-11-14T13:54:16Z, 2019-11-14T13:53:35Z,bob-style
galloween, 2019-11-14T12:18:57Z, 2019-11-14T12:03:09Z,bob-style
galloween, 2019-11-14T11:51:49Z, 2019-11-14T11:42:37Z,bob-style
galloween, 2019-11-14T11:19:52Z, 2019-11-14T11:12:27Z,bob-style
harellevy, 2019-11-13T16:39:23Z, 2019-11-13T16:28:12Z,bob-style
harellevy, 2019-11-13T15:42:00Z, 2019-11-13T15:34:31Z,bob-style
galloween, 2019-11-19T15:10:37Z, 2019-11-13T14:16:16Z,bob-style
rinat-shemer, 2019-11-15T19:56:51Z, 2019-11-13T13:30:01Z,bob-style
galloween, 2019-11-13T12:18:09Z, 2019-11-13T12:08:26Z,bob-style
ishaiborovoy, 2019-11-13T10:59:12Z, 2019-11-13T10:51:50Z,bob-style
ishaiborovoy, 2019-11-13T09:25:18Z, 2019-11-13T09:16:17Z,bob-style
omrihecht, 2019-11-13T07:41:26Z, 2019-11-13T06:40:26Z,bob-style
itayod, 2019-11-12T09:30:34Z, 2019-11-12T09:09:07Z,bob-style
galloween, 2019-11-13T09:36:26Z, 2019-11-11T17:34:10Z,bob-style
galloween, 2019-11-12T12:54:54Z, 2019-11-11T16:49:22Z,bob-style
galloween, 2019-11-11T12:56:15Z, 2019-11-11T12:14:41Z,bob-style
harellevy, 2019-11-11T12:31:49Z, 2019-11-11T11:02:04Z,bob-style
galloween, 2019-11-10T13:37:02Z, 2019-11-10T13:01:50Z,bob-style
galloween, 2019-11-07T23:02:00Z, 2019-11-07T21:51:52Z,bob-style
galloween, 2019-11-07T17:38:26Z, 2019-11-07T16:16:11Z,bob-style
galloween, 2019-11-10T12:56:15Z, 2019-11-07T15:07:34Z,bob-style
galloween, 2019-11-07T12:39:17Z, 2019-11-07T12:31:20Z,bob-style
galloween, 2019-11-07T12:02:08Z, 2019-11-07T11:51:08Z,bob-style
omrihecht, 2019-11-07T09:56:06Z, 2019-11-07T09:18:47Z,bob-style
galloween, 2019-11-06T16:56:50Z, 2019-11-06T12:23:43Z,bob-style
tomeraronovsky, 2019-11-06T12:25:52Z, 2019-11-06T12:17:37Z,bob-style
harellevy, 2019-11-06T11:18:41Z, 2019-11-06T11:00:36Z,bob-style
galloween, 2019-11-05T19:23:59Z, 2019-11-05T14:48:47Z,bob-style
omrihecht, 2019-11-05T14:02:53Z, 2019-11-05T11:42:25Z,bob-style
galloween, 2019-11-05T12:53:37Z, 2019-11-03T13:54:20Z,bob-style
galloween, 2019-11-03T13:46:38Z, 2019-10-31T13:50:42Z,bob-style
galloween, 2019-10-31T10:45:36Z, 2019-10-31T10:06:59Z,bob-style
omrihecht, 2019-10-31T10:21:02Z, 2019-10-31T09:34:55Z,bob-style
galloween, 2019-10-30T18:02:28Z, 2019-10-30T17:53:21Z,bob-style
galloween, 2019-10-30T16:53:52Z, 2019-10-30T16:33:45Z,bob-style
galloween, 2019-10-30T14:08:08Z, 2019-10-30T14:04:31Z,bob-style
harellevy, 2019-11-03T11:50:19Z, 2019-10-30T11:30:14Z,bob-style
galloween, 2019-10-30T11:28:27Z, 2019-10-30T11:21:11Z,bob-style
ishaiborovoy, 2019-10-30T10:07:17Z, 2019-10-30T10:04:27Z,bob-style
ishaiborovoy, 2019-10-29T19:57:04Z, 2019-10-29T16:09:17Z,bob-style
galloween, 2019-10-29T12:02:41Z, 2019-10-29T11:52:07Z,bob-style
galloween, 2019-10-29T14:39:23Z, 2019-10-29T11:25:22Z,bob-style
avgdorom, 2019-10-29T12:57:54Z, 2019-10-29T10:41:38Z,bob-style
galloween, 2019-10-29T09:17:12Z, 2019-10-29T09:09:05Z,bob-style
galloween, 2019-10-28T15:03:32Z, 2019-10-28T14:36:11Z,bob-style
galloween, 2019-10-28T12:26:07Z, 2019-10-27T22:05:14Z,bob-style
galloween, 2019-10-27T20:41:44Z, 2019-10-27T20:35:39Z,bob-style
galloween, 2019-10-27T19:57:40Z, 2019-10-27T19:43:19Z,bob-style
galloween, 2019-10-27T19:17:36Z, 2019-10-27T19:12:02Z,bob-style
avgdorom, 2019-10-27T11:38:43Z, 2019-10-27T10:06:51Z,bob-style
omrihecht, 2019-10-24T20:03:39Z, 2019-10-24T19:57:19Z,bob-style
galloween, 2019-10-28T10:05:59Z, 2019-10-24T16:33:31Z,bob-style
galloween, 2019-10-24T13:05:11Z, 2019-10-24T12:29:10Z,bob-style
galloween, 2019-10-24T12:21:06Z, 2019-10-24T12:08:46Z,bob-style
omrihecht, 2019-10-24T10:37:37Z, 2019-10-24T10:23:44Z,bob-style
avgdorom, 2019-10-24T07:21:41Z, 2019-10-24T07:13:50Z,bob-style
galloween, 2019-10-30T10:46:34Z, 2019-10-22T15:03:11Z,bob-style
avgdorom, 2019-10-22T12:49:46Z, 2019-10-22T12:39:26Z,bob-style
harellevy, 2019-10-22T09:41:42Z, 2019-10-22T09:34:39Z,bob-style
galloween, 2019-10-21T11:20:38Z, 2019-10-21T10:02:00Z,bob-style
avgdorom, 2019-10-16T10:40:00Z, 2019-10-16T10:18:32Z,bob-style
avgdorom, 2019-10-16T08:08:18Z, 2019-10-16T07:56:15Z,bob-style
avgdorom, 2019-10-16T07:50:46Z, 2019-10-16T07:11:50Z,bob-style
danazelniker, 2019-10-16T08:53:56Z, 2019-10-16T06:30:52Z,bob-style
omrihecht, 2019-10-14T18:15:01Z, 2019-10-14T18:06:40Z,bob-style
itayod, 2019-11-07T11:09:31Z, 2019-10-13T09:09:07Z,bob-style
omrihecht, 2019-10-13T09:23:23Z, 2019-10-10T08:45:27Z,bob-style
galloween, 2019-10-06T15:06:07Z, 2019-10-06T14:08:52Z,bob-style
galloween, 2019-10-06T13:30:18Z, 2019-10-06T12:39:57Z,bob-style
omrihecht, 2019-10-06T11:42:04Z, 2019-10-06T10:56:59Z,bob-style
galloween, 2019-10-03T18:23:39Z, 2019-10-03T15:30:27Z,bob-style
harellevy, 2019-10-17T10:22:28Z, 2019-10-03T15:22:21Z,bob-style
galloween, 2019-10-03T15:14:27Z, 2019-10-03T15:04:36Z,bob-style
omrihecht, 2019-10-03T13:14:44Z, 2019-10-03T12:45:36Z,bob-style
galloween, 2019-10-06T09:10:13Z, 2019-10-03T12:18:23Z,bob-style
omrihecht, 2019-10-03T09:15:46Z, 2019-10-03T06:27:30Z,bob-style
galloween, 2019-10-03T04:49:40Z, 2019-10-03T04:32:03Z,bob-style
galloween, 2019-10-03T04:19:38Z, 2019-10-03T03:58:30Z,bob-style
galloween, 2019-10-03T01:35:49Z, 2019-10-02T16:14:11Z,bob-style
galloween, 2019-10-02T14:02:48Z, 2019-10-02T13:11:07Z,bob-style
harellevy, 2019-10-02T11:59:15Z, 2019-10-02T11:53:56Z,bob-style
galloween, 2019-10-02T12:51:59Z, 2019-10-02T09:40:25Z,bob-style
galloween, 2019-10-02T09:00:45Z, 2019-10-02T08:24:24Z,bob-style
omrihecht, 2019-10-02T08:15:53Z, 2019-10-02T08:11:15Z,bob-style
omrihecht, 2019-09-29T06:59:51Z, 2019-09-29T06:47:02Z,bob-style
eliraneliassy, 2019-09-26T14:05:52Z, 2019-09-26T13:58:50Z,bob-style
omrihecht, 2019-09-26T13:01:35Z, 2019-09-26T12:46:23Z,bob-style
eliraneliassy, 2019-09-26T13:47:04Z, 2019-09-26T12:45:26Z,bob-style
harellevy, 2019-09-26T12:40:54Z, 2019-09-26T12:32:59Z,bob-style
galloween, 2019-09-26T13:29:04Z, 2019-09-26T12:21:15Z,bob-style
galloween, 2019-09-26T11:26:42Z, 2019-09-26T10:02:50Z,bob-style
omrihecht, 2019-09-26T07:01:32Z, 2019-09-26T06:49:43Z,bob-style
omrihecht, 2019-09-26T06:32:20Z, 2019-09-26T06:12:28Z,bob-style
omrihecht, 2019-09-25T20:31:43Z, 2019-09-25T20:23:54Z,bob-style
omrihecht, 2019-09-25T20:19:52Z, 2019-09-25T20:10:39Z,bob-style
galloween, 2019-09-25T16:02:21Z, 2019-09-25T15:55:45Z,bob-style
galloween, 2019-09-25T14:27:54Z, 2019-09-25T13:57:01Z,bob-style
ishaiborovoy, 2019-09-25T12:52:01Z, 2019-09-25T12:44:34Z,bob-style
omrihecht, 2019-09-25T10:06:14Z, 2019-09-25T09:35:58Z,bob-style
galloween, 2019-09-24T15:17:13Z, 2019-09-24T14:10:19Z,bob-style
omrihecht, 2019-09-24T14:46:14Z, 2019-09-24T13:49:57Z,bob-style
harellevy, 2019-09-26T06:16:34Z, 2019-09-23T19:21:41Z,bob-style
galloween, 2019-09-23T22:29:28Z, 2019-09-23T16:31:44Z,bob-style
eliraneliassy, 2019-09-26T08:57:31Z, 2019-09-23T15:19:53Z,bob-style
galloween, 2019-09-23T13:18:54Z, 2019-09-23T12:50:39Z,bob-style
omrihecht, 2019-09-23T11:56:55Z, 2019-09-23T11:42:58Z,bob-style
galloween, 2019-09-23T10:13:01Z, 2019-09-23T09:35:33Z,bob-style
omrihecht, 2019-09-23T08:30:16Z, 2019-09-23T08:21:04Z,bob-style
galloween, 2019-09-23T09:12:28Z, 2019-09-23T07:33:25Z,bob-style
galloween, 2019-09-23T05:05:13Z, 2019-09-22T17:09:03Z,bob-style
galloween, 2019-09-22T16:25:18Z, 2019-09-22T15:40:18Z,bob-style
galloween, 2019-09-22T14:00:17Z, 2019-09-22T13:30:58Z,bob-style
omrihecht, 2019-09-22T13:23:39Z, 2019-09-22T13:11:52Z,bob-style
galloween, 2019-09-22T12:05:52Z, 2019-09-22T11:54:28Z,bob-style
galloween, 2019-09-22T10:54:01Z, 2019-09-22T09:19:08Z,bob-style
galloween, 2019-09-22T08:12:48Z, 2019-09-22T08:04:43Z,bob-style
galloween, 2019-09-22T07:57:33Z, 2019-09-22T07:52:12Z,bob-style
galloween, 2019-09-19T09:52:45Z, 2019-09-19T09:44:51Z,bob-style
galloween, 2019-09-22T08:50:54Z, 2019-09-18T13:00:47Z,bob-style
ishaiborovoy, 2019-09-16T13:25:48Z, 2019-09-16T13:25:41Z,bob-style
galloween, 2019-09-22T09:10:54Z, 2019-09-16T09:52:08Z,bob-style
harellevy, 2019-09-16T09:24:30Z, 2019-09-16T08:44:58Z,bob-style
galloween, 2019-09-16T08:45:34Z, 2019-09-15T12:36:09Z,bob-style
danidin, 2019-09-16T12:12:03Z, 2019-09-15T12:05:33Z,bob-style
harellevy, 2019-09-15T15:39:27Z, 2019-09-15T09:07:53Z,bob-style
rinat-shemer, 2019-09-15T08:31:33Z, 2019-09-15T08:18:25Z,bob-style
omrihecht, 2019-09-12T09:18:37Z, 2019-09-12T09:12:50Z,bob-style
ishaiborovoy, 2019-09-10T07:33:12Z, 2019-09-10T07:24:01Z,bob-style
ishaiborovoy, 2019-09-10T06:14:53Z, 2019-09-10T05:48:24Z,bob-style
harellevy, 2019-09-09T14:57:29Z, 2019-09-09T14:43:35Z,bob-style
eliraneliassy, 2019-09-12T08:06:09Z, 2019-09-09T12:41:43Z,bob-style
ishaiborovoy, 2019-09-09T13:06:27Z, 2019-09-09T12:37:38Z,bob-style
avgdorom, 2019-09-09T11:43:18Z, 2019-09-09T11:35:58Z,bob-style
avgdorom, 2019-09-09T09:13:11Z, 2019-09-09T08:47:55Z,bob-style
benbaler, 2019-09-09T07:49:51Z, 2019-09-09T06:38:30Z,bob-style
harellevy, 2019-09-08T21:26:10Z, 2019-09-08T16:51:50Z,bob-style
harellevy, 2019-09-08T13:30:06Z, 2019-09-08T13:06:10Z,bob-style
harellevy, 2019-09-08T11:35:41Z, 2019-09-08T10:41:47Z,bob-style
doroncy, 2019-09-08T12:35:51Z, 2019-09-08T10:24:18Z,bob-style
harellevy, 2019-09-08T10:46:29Z, 2019-09-08T10:16:34Z,bob-style
omrihecht, 2019-09-08T08:42:17Z, 2019-09-06T08:20:12Z,bob-style
rinat-shemer, 2019-09-05T12:13:49Z, 2019-09-05T11:53:29Z,bob-style
omrihecht, 2019-09-05T12:31:49Z, 2019-09-05T11:15:30Z,bob-style
galloween, 2019-09-15T10:21:03Z, 2019-09-05T09:16:45Z,bob-style
rinat-shemer, 2019-09-05T10:16:37Z, 2019-09-05T09:11:16Z,bob-style
ishaiborovoy, 2019-09-04T08:58:40Z, 2019-09-04T08:41:35Z,bob-style
omrihecht, 2019-09-04T08:29:21Z, 2019-09-04T08:20:17Z,bob-style
itayod, 2019-09-26T06:38:52Z, 2019-09-03T12:23:33Z,bob-style
harellevy, 2019-09-03T08:32:15Z, 2019-09-03T08:20:11Z,bob-style
galloween, 2019-09-03T06:39:17Z, 2019-09-03T06:15:26Z,bob-style
galloween, 2019-09-03T04:52:00Z, 2019-09-03T04:42:16Z,bob-style
galloween, 2019-09-02T14:37:08Z, 2019-09-02T14:31:25Z,bob-style
galloween, 2019-09-02T10:07:23Z, 2019-09-02T09:59:54Z,bob-style
galloween, 2019-09-02T10:28:14Z, 2019-09-01T16:56:32Z,bob-style
galloween, 2019-09-01T16:00:18Z, 2019-09-01T15:47:20Z,bob-style
galloween, 2019-09-01T13:50:49Z, 2019-09-01T13:36:54Z,bob-style
harellevy, 2019-09-06T14:46:28Z, 2019-09-01T10:00:27Z,bob-style
galloween, 2019-09-01T09:48:34Z, 2019-08-31T19:15:02Z,bob-style
harellevy, 2019-09-01T08:13:58Z, 2019-08-29T16:56:50Z,bob-style
danidin, 2019-08-29T14:57:02Z, 2019-08-29T13:55:40Z,bob-style
danidin, 2019-08-28T16:04:25Z, 2019-08-28T14:29:30Z,bob-style
danidin, 2019-08-28T14:22:55Z, 2019-08-28T14:06:35Z,bob-style
galloween, 2019-08-28T14:49:38Z, 2019-08-28T11:56:32Z,bob-style
harellevy, 2019-08-28T12:49:33Z, 2019-08-28T11:03:16Z,bob-style
galloween, 2019-08-28T08:53:07Z, 2019-08-28T08:52:56Z,bob-style
omrihecht, 2019-08-27T07:24:57Z, 2019-08-27T07:17:58Z,bob-style
galloween, 2019-08-26T18:08:46Z, 2019-08-26T16:36:02Z,bob-style
galloween, 2019-08-26T16:34:04Z, 2019-08-26T16:17:09Z,bob-style
galloween, 2019-08-26T15:12:49Z, 2019-08-26T14:58:23Z,bob-style
galloween, 2019-08-26T12:31:42Z, 2019-08-26T12:22:01Z,bob-style
galloween, 2019-08-26T11:44:24Z, 2019-08-26T11:36:53Z,bob-style
galloween, 2019-08-27T11:52:24Z, 2019-08-25T17:32:03Z,bob-style
harellevy, 2019-08-26T14:02:24Z, 2019-08-25T16:44:26Z,bob-style
galloween, 2019-08-22T11:43:22Z, 2019-08-22T11:08:43Z,bob-style
harellevy, 2019-08-22T14:14:09Z, 2019-08-22T09:21:12Z,bob-style
itayod, 2019-08-21T08:49:11Z, 2019-08-21T08:36:43Z,bob-style
galloween, 2019-08-27T16:04:06Z, 2019-08-20T22:42:15Z,bob-style
galloween, 2019-08-20T18:54:45Z, 2019-08-20T16:48:13Z,bob-style
galloween, 2019-08-20T15:05:29Z, 2019-08-20T14:54:15Z,bob-style
galloween, 2019-08-20T11:50:03Z, 2019-08-20T11:37:06Z,bob-style
galloween, 2019-08-20T10:02:45Z, 2019-08-20T09:35:28Z,bob-style
galloween, 2019-08-20T08:29:17Z, 2019-08-19T16:14:53Z,bob-style
galloween, 2019-08-19T14:41:18Z, 2019-08-19T12:20:02Z,bob-style
danidin, 2019-08-25T08:34:27Z, 2019-08-19T10:59:29Z,bob-style
danidin, 2019-08-15T14:46:29Z, 2019-08-15T13:50:49Z,bob-style
danidin, 2019-08-15T13:09:12Z, 2019-08-15T12:13:04Z,bob-style
ishaiborovoy, 2019-08-15T08:59:05Z, 2019-08-15T08:52:21Z,bob-style
ishaiborovoy, 2019-08-15T04:39:28Z, 2019-08-15T04:20:36Z,bob-style
galloween, 2019-08-14T16:27:08Z, 2019-08-14T16:23:17Z,bob-style
galloween, 2019-08-14T15:34:22Z, 2019-08-14T15:28:19Z,bob-style
ishaiborovoy, 2019-08-14T19:48:58Z, 2019-08-14T15:14:28Z,bob-style
galloween, 2019-08-14T15:03:50Z, 2019-08-14T14:58:20Z,bob-style
galloween, 2019-08-14T13:50:21Z, 2019-08-14T13:09:37Z,bob-style
harellevy, 2019-08-18T08:14:55Z, 2019-08-14T12:50:17Z,bob-style
galloween, 2019-08-14T10:05:34Z, 2019-08-14T10:00:35Z,bob-style
galloween, 2019-08-14T06:46:11Z, 2019-08-14T06:36:21Z,bob-style
galloween, 2019-08-13T14:26:43Z, 2019-08-13T13:39:37Z,bob-style
itayod, 2019-08-12T10:59:31Z, 2019-08-12T10:27:57Z,bob-style
harellevy, 2019-08-12T08:49:48Z, 2019-08-12T08:44:16Z,bob-style
harellevy, 2019-08-12T08:21:58Z, 2019-08-12T07:29:40Z,bob-style
galloween, 2019-08-12T15:54:54Z, 2019-08-11T21:54:43Z,bob-style
galloween, 2019-08-11T19:58:59Z, 2019-08-11T16:57:49Z,bob-style
galloween, 2019-08-11T13:49:30Z, 2019-08-11T13:36:40Z,bob-style
galloween, 2019-08-11T13:21:44Z, 2019-08-11T13:21:35Z,bob-style
galloween, 2019-08-10T20:37:19Z, 2019-08-08T15:35:59Z,bob-style
harellevy, 2019-08-09T06:55:15Z, 2019-08-08T15:20:26Z,bob-style
galloween, 2019-08-08T11:59:06Z, 2019-08-08T11:43:56Z,bob-style
galloween, 2019-08-08T14:18:40Z, 2019-08-08T11:00:02Z,bob-style
harellevy, 2019-08-08T09:24:33Z, 2019-08-08T09:16:47Z,bob-style
galloween, 2019-08-07T16:05:51Z, 2019-08-07T15:54:36Z,bob-style
ishaiborovoy, 2019-08-07T11:53:11Z, 2019-08-07T11:46:15Z,bob-style
galloween, 2019-08-07T11:38:51Z, 2019-08-07T10:48:22Z,bob-style
galloween, 2019-08-07T10:09:43Z, 2019-08-07T09:59:21Z,bob-style
omrihecht, 2019-08-07T08:43:24Z, 2019-08-07T08:21:47Z,bob-style
omrihecht, 2019-08-07T08:12:11Z, 2019-08-06T15:19:00Z,bob-style
harellevy, 2019-08-06T15:08:13Z, 2019-08-06T14:56:30Z,bob-style
harellevy, 2019-08-06T13:21:47Z, 2019-08-06T12:41:54Z,bob-style
galloween, 2019-08-06T12:53:20Z, 2019-08-06T09:40:40Z,bob-style
omrihecht, 2019-08-05T20:30:32Z, 2019-08-05T20:05:54Z,bob-style
harellevy, 2019-08-05T17:11:14Z, 2019-08-05T17:05:13Z,bob-style
harellevy, 2019-08-05T16:10:05Z, 2019-08-05T15:31:19Z,bob-style
harellevy, 2019-08-05T15:38:59Z, 2019-08-05T15:13:18Z,bob-style
harellevy, 2019-08-05T15:12:04Z, 2019-08-05T15:00:53Z,bob-style
rinat-shemer, 2019-08-05T08:34:44Z, 2019-08-05T06:49:27Z,bob-style
danidin, 2019-08-04T08:49:44Z, 2019-08-04T08:38:16Z,bob-style
harellevy, 2019-08-04T05:50:40Z, 2019-08-01T17:17:55Z,bob-style
galloween, 2019-08-01T15:08:14Z, 2019-08-01T15:01:32Z,bob-style
omrihecht, 2019-08-01T11:25:13Z, 2019-08-01T11:20:21Z,bob-style
danidin, 2019-08-01T12:51:21Z, 2019-08-01T11:12:33Z,bob-style
ishaiborovoy, 2019-08-01T13:07:36Z, 2019-08-01T08:59:57Z,bob-style
omrihecht, 2019-08-05T05:45:28Z, 2019-08-01T07:16:53Z,bob-style
galloween, 2019-08-01T09:37:03Z, 2019-07-31T21:25:25Z,bob-style
harellevy, 2019-08-05T14:28:12Z, 2019-07-31T16:22:01Z,bob-style
rinat-shemer, 2019-07-31T12:48:20Z, 2019-07-31T12:21:59Z,bob-style
galloween, 2019-07-31T09:56:54Z, 2019-07-31T09:47:09Z,bob-style
galloween, 2019-07-31T08:09:36Z, 2019-07-31T08:04:22Z,bob-style
galloween, 2019-07-30T14:17:32Z, 2019-07-30T14:15:05Z,bob-style
benbaler, 2019-07-30T14:53:06Z, 2019-07-30T13:47:53Z,bob-style
galloween, 2019-07-30T13:48:07Z, 2019-07-30T13:35:28Z,bob-style
galloween, 2019-07-30T12:58:27Z, 2019-07-30T12:47:04Z,bob-style
galloween, 2019-07-30T11:45:58Z, 2019-07-30T11:32:08Z,bob-style
galloween, 2019-07-29T13:27:45Z, 2019-07-29T13:22:02Z,bob-style
galloween, 2019-07-29T10:40:59Z, 2019-07-29T10:25:42Z,bob-style
harellevy, 2019-07-29T08:14:03Z, 2019-07-29T07:43:29Z,bob-style
galloween, 2019-07-28T16:43:11Z, 2019-07-28T16:23:59Z,bob-style
galloween, 2019-07-28T16:08:52Z, 2019-07-28T15:59:02Z,bob-style
galloween, 2019-07-28T14:12:55Z, 2019-07-28T14:05:16Z,bob-style
galloween, 2019-07-28T12:19:33Z, 2019-07-28T12:10:05Z,bob-style
omrihecht, 2019-07-28T07:15:14Z, 2019-07-28T06:45:28Z,bob-style
galloween, 2019-07-27T11:08:30Z, 2019-07-27T09:56:47Z,bob-style
galloween, 2019-07-26T08:33:03Z, 2019-07-26T06:03:42Z,bob-style
galloween, 2019-07-26T05:55:07Z, 2019-07-26T05:54:42Z,bob-style
galloween, 2019-07-25T14:59:02Z, 2019-07-25T14:49:23Z,bob-style
galloween, 2019-07-25T14:00:48Z, 2019-07-25T13:48:25Z,bob-style
galloween, 2019-07-25T10:26:02Z, 2019-07-25T10:24:46Z,bob-style
omrihecht, 2019-07-25T09:59:31Z, 2019-07-25T09:52:05Z,bob-style
galloween, 2019-07-25T09:41:11Z, 2019-07-25T09:23:31Z,bob-style
galloween, 2019-07-25T09:09:44Z, 2019-07-25T09:04:45Z,bob-style
omrihecht, 2019-07-25T08:38:21Z, 2019-07-25T07:54:16Z,bob-style
galloween, 2019-07-25T07:07:07Z, 2019-07-25T06:26:57Z,bob-style
galloween, 2019-07-25T06:08:06Z, 2019-07-25T04:53:29Z,bob-style
galloween, 2019-07-25T04:24:23Z, 2019-07-25T04:18:37Z,bob-style
galloween, 2019-07-25T04:10:46Z, 2019-07-25T03:58:07Z,bob-style
galloween, 2019-07-24T21:24:22Z, 2019-07-24T21:13:08Z,bob-style
galloween, 2019-07-24T20:08:45Z, 2019-07-24T20:02:39Z,bob-style
galloween, 2019-07-24T19:35:04Z, 2019-07-24T19:34:56Z,bob-style
galloween, 2019-07-24T18:48:33Z, 2019-07-24T18:45:01Z,bob-style
galloween, 2019-07-24T17:02:27Z, 2019-07-24T17:01:33Z,bob-style
danidin, 2019-07-29T12:19:12Z, 2019-07-24T12:45:52Z,bob-style
galloween, 2019-07-23T13:08:37Z, 2019-07-23T11:35:52Z,bob-style
omrihecht, 2019-07-23T11:30:50Z, 2019-07-23T08:58:58Z,bob-style
galloween, 2019-07-23T08:11:35Z, 2019-07-23T07:56:30Z,bob-style
danazelniker, 2019-07-23T12:33:33Z, 2019-07-23T06:54:55Z,bob-style
galloween, 2019-07-22T11:23:43Z, 2019-07-22T09:53:18Z,bob-style
galloween, 2019-07-22T09:22:19Z, 2019-07-22T08:50:45Z,bob-style
omrihecht, 2019-07-22T11:50:53Z, 2019-07-22T06:38:42Z,bob-style
ishaiborovoy, 2019-07-22T06:33:06Z, 2019-07-22T06:20:31Z,bob-style
galloween, 2019-07-21T15:30:11Z, 2019-07-21T15:07:50Z,bob-style
galloween, 2019-07-21T14:42:40Z, 2019-07-21T14:32:43Z,bob-style
galloween, 2019-07-21T14:17:01Z, 2019-07-21T13:27:27Z,bob-style
galloween, 2019-07-21T14:12:01Z, 2019-07-21T11:40:35Z,bob-style
ishaiborovoy, 2019-07-21T11:23:32Z, 2019-07-21T11:18:12Z,bob-style
galloween, 2019-07-21T13:58:01Z, 2019-07-21T09:59:39Z,bob-style
omrihecht, 2019-07-21T09:17:30Z, 2019-07-21T09:10:45Z,bob-style
galloween, 2019-07-21T08:49:38Z, 2019-07-21T08:43:47Z,bob-style
omrihecht, 2019-07-21T07:52:41Z, 2019-07-21T07:28:59Z,bob-style
omrihecht, 2019-07-20T07:59:05Z, 2019-07-20T07:53:02Z,bob-style
omrihecht, 2019-07-18T18:29:10Z, 2019-07-18T18:28:08Z,bob-style
harellevy, 2019-07-18T16:21:05Z, 2019-07-18T16:11:29Z,bob-style
galloween, 2019-07-21T06:41:33Z, 2019-07-18T15:50:06Z,bob-style
omrihecht, 2019-07-18T15:37:10Z, 2019-07-18T15:29:51Z,bob-style
harellevy, 2019-07-18T15:11:07Z, 2019-07-18T14:59:22Z,bob-style
omrihecht, 2019-07-18T15:18:39Z, 2019-07-18T13:52:46Z,bob-style
galloween, 2019-07-18T15:50:17Z, 2019-07-18T12:56:32Z,bob-style
harellevy, 2019-07-18T11:03:46Z, 2019-07-18T10:56:34Z,bob-style
harellevy, 2019-07-18T10:36:34Z, 2019-07-18T10:26:37Z,bob-style
harellevy, 2019-07-18T07:49:12Z, 2019-07-17T18:43:09Z,bob-style
harellevy, 2019-07-17T15:16:45Z, 2019-07-17T13:10:51Z,bob-style
rinat-shemer, 2019-07-18T06:07:20Z, 2019-07-17T11:40:46Z,bob-style
omrihecht, 2019-07-16T15:22:02Z, 2019-07-16T15:15:18Z,bob-style
galloween, 2019-07-18T10:31:49Z, 2019-07-16T14:22:11Z,bob-style
tomeraronovsky, 2019-07-18T07:38:29Z, 2019-07-16T11:54:07Z,bob-style
omrihecht, 2019-07-16T08:34:32Z, 2019-07-16T08:26:09Z,bob-style
omrihecht, 2019-07-16T08:18:47Z, 2019-07-16T08:13:41Z,bob-style
omrihecht, 2019-07-16T07:19:48Z, 2019-07-15T20:46:03Z,bob-style
galloween, 2019-07-18T09:23:38Z, 2019-07-15T17:04:58Z,bob-style
galloween, 2019-07-16T16:29:18Z, 2019-07-15T15:52:05Z,bob-style
galloween, 2019-07-15T13:27:02Z, 2019-07-15T12:37:34Z,bob-style
galloween, 2019-07-15T12:14:32Z, 2019-07-15T12:06:04Z,bob-style
galloween, 2019-07-15T12:59:02Z, 2019-07-15T11:37:32Z,bob-style
galloween, 2019-07-15T08:36:51Z, 2019-07-15T08:30:22Z,bob-style
harellevy, 2019-07-15T11:40:42Z, 2019-07-15T08:29:30Z,bob-style
omrihecht, 2019-07-14T09:55:49Z, 2019-07-14T09:48:59Z,bob-style
galloween, 2019-07-15T09:37:12Z, 2019-07-11T23:00:46Z,bob-style
omrihecht, 2019-07-11T20:25:03Z, 2019-07-11T20:13:57Z,bob-style
harellevy, 2019-07-11T16:26:51Z, 2019-07-11T16:13:17Z,bob-style
galloween, 2019-07-11T15:24:38Z, 2019-07-11T15:00:57Z,bob-style
galloween, 2019-07-11T14:34:24Z, 2019-07-11T14:02:53Z,bob-style
omrihecht, 2019-07-11T12:04:06Z, 2019-07-11T12:03:26Z,bob-style
galloween, 2019-07-11T16:53:14Z, 2019-07-11T11:53:49Z,bob-style
harellevy, 2019-07-11T10:31:08Z, 2019-07-11T10:07:08Z,bob-style
omrihecht, 2019-07-11T11:22:11Z, 2019-07-11T08:27:38Z,bob-style
galloween, 2019-07-11T14:00:33Z, 2019-07-11T06:03:29Z,bob-style
galloween, 2019-07-11T05:41:38Z, 2019-07-10T17:00:46Z,bob-style
galloween, 2019-07-10T14:48:38Z, 2019-07-10T14:30:26Z,bob-style
galloween, 2019-07-11T12:41:29Z, 2019-07-10T14:26:09Z,bob-style
galloween, 2019-07-10T11:23:35Z, 2019-07-10T10:54:34Z,bob-style
galloween, 2019-07-10T10:48:48Z, 2019-07-10T10:22:24Z,bob-style
ishaiborovoy, 2019-07-10T07:42:40Z, 2019-07-10T07:20:04Z,bob-style
omrihecht, 2019-07-09T15:18:13Z, 2019-07-09T15:13:05Z,bob-style
galloween, 2019-07-09T14:36:24Z, 2019-07-09T14:33:36Z,bob-style
galloween, 2019-07-09T14:25:46Z, 2019-07-09T13:29:29Z,bob-style
tomeraronovsky, 2019-07-09T10:06:43Z, 2019-07-09T08:41:51Z,bob-style
harellevy, 2019-07-10T09:31:58Z, 2019-07-09T05:43:31Z,bob-style
omrihecht, 2019-07-09T06:01:16Z, 2019-07-08T19:45:53Z,bob-style
omrihecht, 2019-07-08T17:36:31Z, 2019-07-08T17:31:19Z,bob-style
omrihecht, 2019-07-08T17:24:14Z, 2019-07-08T17:16:06Z,bob-style
galloween, 2019-07-08T12:44:06Z, 2019-07-08T12:09:00Z,bob-style
omrihecht, 2019-07-08T11:35:11Z, 2019-07-08T09:59:47Z,bob-style
galloween, 2019-07-09T12:00:52Z, 2019-07-07T17:25:08Z,bob-style
galloween, 2019-07-08T12:03:47Z, 2019-07-07T12:49:16Z,bob-style
omrihecht, 2019-07-07T10:57:31Z, 2019-07-07T10:53:39Z,bob-style
harellevy, 2019-07-07T11:12:16Z, 2019-07-07T10:30:15Z,bob-style
galloween, 2019-07-07T11:48:17Z, 2019-07-07T10:13:54Z,bob-style
galloween, 2019-07-07T10:01:16Z, 2019-07-07T09:44:01Z,bob-style
benbaler, 2019-07-07T12:02:55Z, 2019-07-07T08:46:54Z,bob-style
harellevy, 2019-07-07T09:25:32Z, 2019-07-07T08:34:33Z,bob-style
galloween, 2019-07-07T10:29:56Z, 2019-07-07T08:15:36Z,bob-style
omrihecht, 2019-07-04T15:51:10Z, 2019-07-04T15:20:35Z,bob-style
omrihecht, 2019-07-04T15:04:01Z, 2019-07-04T08:23:43Z,bob-style
galloween, 2019-07-03T19:51:14Z, 2019-07-03T16:25:51Z,bob-style
danidin, 2019-07-03T16:25:13Z, 2019-07-03T14:00:37Z,bob-style
galloween, 2019-07-03T13:04:23Z, 2019-07-03T12:22:26Z,bob-style
galloween, 2019-07-03T12:20:51Z, 2019-07-03T11:13:00Z,bob-style
tomeraronovsky, 2019-07-03T11:26:46Z, 2019-07-03T11:06:10Z,bob-style
omrihecht, 2019-07-03T10:00:57Z, 2019-07-03T09:50:22Z,bob-style
ishaiborovoy, 2019-07-03T10:27:31Z, 2019-07-03T07:43:04Z,bob-style
galloween, 2019-07-02T14:48:11Z, 2019-07-02T14:24:44Z,bob-style
galloween, 2019-07-03T09:11:52Z, 2019-07-02T14:20:48Z,bob-style
galloween, 2019-07-02T10:36:26Z, 2019-07-02T10:00:56Z,bob-style
galloween, 2019-07-02T09:59:07Z, 2019-07-02T06:28:01Z,bob-style
benbaler, 2019-07-02T13:35:14Z, 2019-07-01T13:36:11Z,bob-style
galloween, 2019-07-02T07:56:38Z, 2019-07-01T12:01:49Z,bob-style
omrihecht, 2019-06-30T10:14:02Z, 2019-06-30T07:38:02Z,bob-style
galloween, 2019-06-27T15:42:48Z, 2019-06-27T14:13:26Z,bob-style
galloween, 2019-06-27T12:38:08Z, 2019-06-27T12:18:54Z,bob-style
omrihecht, 2019-06-27T11:58:07Z, 2019-06-27T11:52:12Z,bob-style
omrihecht, 2019-06-27T11:29:29Z, 2019-06-27T11:22:09Z,bob-style
omrihecht, 2019-06-27T11:45:03Z, 2019-06-27T11:05:46Z,bob-style
galloween, 2019-06-27T11:34:38Z, 2019-06-27T10:58:58Z,bob-style
ishaiborovoy, 2019-07-21T12:07:16Z, 2019-06-27T09:06:06Z,bob-style
omrihecht, 2019-06-26T17:39:27Z, 2019-06-26T17:20:50Z,bob-style
omrihecht, 2019-06-26T12:41:38Z, 2019-06-26T12:16:10Z,bob-style
omrihecht, 2019-06-26T12:13:58Z, 2019-06-26T12:08:54Z,bob-style
galloween, 2019-06-26T07:51:26Z, 2019-06-26T06:10:02Z,bob-style
galloween, 2019-06-26T09:59:53Z, 2019-06-25T15:03:11Z,bob-style
galloween, 2019-06-25T13:56:48Z, 2019-06-25T13:56:10Z,bob-style
galloween, 2019-06-25T08:56:49Z, 2019-06-24T19:01:14Z,bob-style
tomeraronovsky, 2019-06-25T08:19:38Z, 2019-06-24T14:08:45Z,bob-style
galloween, 2019-06-25T09:15:03Z, 2019-06-23T19:34:05Z,bob-style
galloween, 2019-06-25T08:44:58Z, 2019-06-23T14:13:56Z,bob-style
omrihecht, 2019-06-23T13:40:56Z, 2019-06-23T13:34:17Z,bob-style
galloween, 2019-06-25T11:17:10Z, 2019-06-23T12:48:35Z,bob-style
omrihecht, 2019-06-23T12:48:46Z, 2019-06-23T12:32:38Z,bob-style
benbaler, 2019-06-23T12:29:16Z, 2019-06-23T11:51:49Z,bob-style
omrihecht, 2019-06-23T09:08:01Z, 2019-06-23T08:37:37Z,bob-style
omrihecht, 2019-06-23T08:01:30Z, 2019-06-23T07:49:09Z,bob-style
galloween, 2019-06-25T08:05:44Z, 2019-06-20T13:40:44Z,bob-style
eliraneliassy, 2019-06-23T20:26:24Z, 2019-06-20T12:20:54Z,bob-style
tomeraronovsky, 2019-06-23T07:47:29Z, 2019-06-20T11:52:28Z,bob-style
galloween, 2019-06-20T11:56:11Z, 2019-06-20T11:48:58Z,bob-style
omrihecht, 2019-06-20T07:18:00Z, 2019-06-20T07:14:13Z,bob-style
omrihecht, 2019-06-19T17:45:43Z, 2019-06-19T17:13:36Z,bob-style
galloween, 2019-06-20T09:15:09Z, 2019-06-19T16:36:32Z,bob-style
Yossitrx, 2019-06-20T08:10:43Z, 2019-06-19T13:38:10Z,bob-style
galloween, 2019-06-19T12:49:10Z, 2019-06-19T12:35:38Z,bob-style
omrihecht, 2019-06-19T12:20:17Z, 2019-06-19T12:13:57Z,bob-style
galloween, 2019-06-19T13:13:08Z, 2019-06-19T11:38:30Z,bob-style
benbaler, 2019-06-23T12:09:19Z, 2019-06-19T10:10:14Z,bob-style
galloween, 2019-06-19T11:27:16Z, 2019-06-18T18:44:01Z,bob-style
omrihecht, 2019-06-19T11:49:34Z, 2019-06-18T14:08:57Z,bob-style
galloween, 2019-06-18T10:50:54Z, 2019-06-18T10:42:57Z,bob-style
omrihecht, 2019-06-18T10:54:54Z, 2019-06-18T10:36:05Z,bob-style
galloween, 2019-06-20T12:22:56Z, 2019-06-17T15:48:15Z,bob-style
galloween, 2019-06-17T14:28:07Z, 2019-06-17T13:20:51Z,bob-style
benbaler, 2019-06-18T06:23:56Z, 2019-06-17T11:50:08Z,bob-style
omrihecht, 2019-06-26T12:04:15Z, 2019-06-17T11:27:16Z,bob-style
benbaler, 2019-06-17T12:11:07Z, 2019-06-17T11:11:29Z,bob-style
galloween, 2019-06-17T08:46:46Z, 2019-06-17T08:27:40Z,bob-style
omrihecht, 2019-06-17T07:51:12Z, 2019-06-17T06:58:14Z,bob-style
ishaiborovoy, 2019-06-17T06:05:49Z, 2019-06-16T20:34:34Z,bob-style
galloween, 2019-06-16T14:39:31Z, 2019-06-16T14:16:03Z,bob-style
galloween, 2019-06-16T12:20:46Z, 2019-06-16T10:44:03Z,bob-style
ishaiborovoy, 2019-06-16T08:06:06Z, 2019-06-16T07:45:35Z,bob-style
benbaler, 2019-06-17T08:32:20Z, 2019-06-16T06:20:22Z,bob-style
tomeraronovsky, 2019-06-13T11:06:17Z, 2019-06-13T11:00:45Z,bob-style
benbaler, 2019-06-13T13:10:03Z, 2019-06-13T08:00:51Z,bob-style
tomeraronovsky, 2019-06-12T12:16:34Z, 2019-06-12T11:38:53Z,bob-style
benbaler, 2019-06-13T07:37:03Z, 2019-06-12T10:35:05Z,bob-style
benbaler, 2019-06-11T15:11:06Z, 2019-06-11T15:06:02Z,bob-style
benbaler, 2019-06-13T07:51:47Z, 2019-06-11T13:05:27Z,bob-style
benbaler, 2019-06-12T07:56:24Z, 2019-06-11T10:23:26Z,bob-style
ishaiborovoy, 2019-06-11T08:45:14Z, 2019-06-11T08:41:25Z,bob-style
omrihecht, 2019-06-11T07:56:47Z, 2019-06-11T06:49:06Z,bob-style
benbaler, 2019-06-11T13:40:10Z, 2019-06-06T10:51:44Z,bob-style
benbaler, 2019-06-06T08:38:51Z, 2019-06-06T08:01:11Z,bob-style
benbaler, 2019-06-06T11:39:59Z, 2019-06-06T06:48:25Z,bob-style
benbaler, 2019-06-06T08:03:02Z, 2019-06-05T11:45:40Z,bob-style
ishaiborovoy, 2019-06-05T05:01:35Z, 2019-06-05T04:57:07Z,bob-style
danidin, 2019-06-05T16:57:20Z, 2019-06-04T15:29:54Z,bob-style
benbaler, 2019-06-05T09:07:35Z, 2019-06-04T12:34:45Z,bob-style
benbaler, 2019-06-05T07:51:09Z, 2019-06-04T11:39:39Z,bob-style
galloween, 2019-06-16T09:24:16Z, 2019-06-03T20:42:15Z,bob-style
galloween, 2019-06-03T13:36:45Z, 2019-06-03T11:52:01Z,bob-style
galloween, 2019-06-03T10:31:47Z, 2019-06-03T08:38:03Z,bob-style
benbaler, 2019-06-05T08:35:45Z, 2019-06-03T07:47:14Z,bob-style
galloween, 2019-06-03T08:12:26Z, 2019-06-02T17:02:46Z,bob-style
omrihecht, 2019-06-02T13:56:07Z, 2019-06-02T13:51:24Z,bob-style
galloween, 2019-06-02T13:41:00Z, 2019-06-02T09:49:28Z,bob-style
omrihecht, 2019-06-02T13:10:22Z, 2019-06-02T06:27:39Z,bob-style
revitalf3, 2019-06-02T09:05:58Z, 2019-05-30T13:04:43Z,bob-style
tomeraronovsky, 2019-06-04T10:44:59Z, 2019-05-30T11:39:35Z,bob-style
galloween, 2019-05-30T10:54:27Z, 2019-05-30T07:24:53Z,bob-style
galloween, 2019-05-30T10:35:53Z, 2019-05-29T20:18:03Z,bob-style
danazelniker, 2019-05-29T14:05:42Z, 2019-05-29T12:55:14Z,bob-style
galloween, 2019-05-29T12:26:27Z, 2019-05-29T11:56:35Z,bob-style
doroncy, 2019-05-28T13:09:29Z, 2019-05-28T13:07:17Z,bob-style
ishaiborovoy, 2019-05-28T13:34:38Z, 2019-05-28T09:39:54Z,bob-style
galloween, 2019-05-29T08:10:53Z, 2019-05-27T21:29:10Z,bob-style
ishaiborovoy, 2019-05-27T16:17:18Z, 2019-05-27T16:11:44Z,bob-style
Yossitrx, 2019-05-30T11:44:43Z, 2019-05-27T14:54:43Z,bob-style
rinat-shemer, 2019-05-27T14:19:30Z, 2019-05-27T13:45:45Z,bob-style
ishaiborovoy, 2019-05-27T14:04:41Z, 2019-05-27T13:20:16Z,bob-style
benbaler, 2019-05-27T12:14:29Z, 2019-05-27T08:41:44Z,bob-style
galloween, 2019-05-27T10:25:15Z, 2019-05-27T08:33:59Z,bob-style
galloween, 2019-05-27T09:29:03Z, 2019-05-26T17:59:12Z,bob-style
rinat-shemer, 2019-05-23T13:59:13Z, 2019-05-23T13:55:12Z,bob-style
rinat-shemer, 2019-05-23T12:58:55Z, 2019-05-23T12:54:06Z,bob-style
ishaiborovoy, 2019-05-23T08:03:13Z, 2019-05-23T07:47:50Z,bob-style
tomeraronovsky, 2019-05-23T07:50:50Z, 2019-05-23T07:35:50Z,bob-style
revitalf3, 2019-05-23T08:18:06Z, 2019-05-23T07:16:28Z,bob-style
ishaiborovoy, 2019-05-23T04:53:28Z, 2019-05-23T04:51:47Z,bob-style
galloween, 2019-05-29T11:44:50Z, 2019-05-22T16:51:43Z,bob-style
galloween, 2019-05-23T15:56:12Z, 2019-05-22T12:51:04Z,bob-style
galloween, 2019-05-22T06:57:37Z, 2019-05-22T06:53:42Z,bob-style
benbaler, 2019-05-26T11:58:58Z, 2019-05-21T14:43:48Z,bob-style
doroncy, 2019-05-21T14:40:57Z, 2019-05-21T14:35:23Z,bob-style
ronyrosenberg, 2019-05-21T12:55:49Z, 2019-05-21T11:29:38Z,bob-style
ishaiborovoy, 2019-05-21T10:24:46Z, 2019-05-21T09:45:20Z,bob-style
ishaiborovoy, 2019-05-21T09:16:44Z, 2019-05-21T09:11:18Z,bob-style
galloween, 2019-05-21T08:58:39Z, 2019-05-21T08:52:22Z,bob-style
ishaiborovoy, 2019-05-21T07:16:24Z, 2019-05-21T07:12:47Z,bob-style
benbaler, 2019-05-21T08:36:13Z, 2019-05-20T12:51:29Z,bob-style
ishaiborovoy, 2019-05-20T12:48:12Z, 2019-05-20T12:34:51Z,bob-style
galloween, 2019-05-20T12:17:16Z, 2019-05-20T12:13:40Z,bob-style
galloween, 2019-05-20T11:29:39Z, 2019-05-20T11:18:04Z,bob-style
galloween, 2019-05-20T11:02:24Z, 2019-05-20T10:56:04Z,bob-style
galloween, 2019-05-20T08:45:43Z, 2019-05-20T08:40:52Z,bob-style
galloween, 2019-05-19T18:59:04Z, 2019-05-19T18:50:13Z,bob-style
galloween, 2019-05-19T12:35:24Z, 2019-05-19T11:57:40Z,bob-style
galloween, 2019-05-19T11:27:44Z, 2019-05-19T09:42:13Z,bob-style
galloween, 2019-05-18T23:43:30Z, 2019-05-18T23:15:53Z,bob-style
galloween, 2019-05-16T16:46:26Z, 2019-05-16T16:38:56Z,bob-style
Yossitrx, 2019-05-16T14:14:01Z, 2019-05-16T13:56:07Z,bob-style
ishaiborovoy, 2019-05-16T14:03:05Z, 2019-05-16T13:41:02Z,bob-style
galloween, 2019-05-16T12:51:57Z, 2019-05-16T12:44:45Z,bob-style
doroncy, 2019-05-16T09:45:10Z, 2019-05-16T09:33:57Z,bob-style
doroncy, 2019-05-16T09:26:16Z, 2019-05-16T09:22:15Z,bob-style
doroncy, 2019-05-16T09:15:00Z, 2019-05-16T09:08:27Z,bob-style
doroncy, 2019-05-16T08:51:22Z, 2019-05-16T08:44:38Z,bob-style
doroncy, 2019-05-16T08:28:13Z, 2019-05-16T08:26:30Z,bob-style
ishaiborovoy, 2019-05-16T08:09:09Z, 2019-05-16T07:51:15Z,bob-style
doroncy, 2019-05-16T08:03:41Z, 2019-05-16T07:36:16Z,bob-style
galloween, 2019-05-16T09:03:33Z, 2019-05-16T06:32:35Z,bob-style
doroncy, 2019-05-15T21:15:58Z, 2019-05-15T21:07:35Z,bob-style
doroncy, 2019-05-15T17:36:46Z, 2019-05-15T17:33:12Z,bob-style
galloween, 2019-05-15T16:06:11Z, 2019-05-15T15:59:07Z,bob-style
doroncy, 2019-05-15T15:48:39Z, 2019-05-15T15:43:52Z,bob-style
galloween, 2019-05-15T15:37:57Z, 2019-05-15T15:34:17Z,bob-style
doroncy, 2019-05-15T15:33:40Z, 2019-05-15T15:22:47Z,bob-style
doroncy, 2019-05-15T15:12:13Z, 2019-05-15T15:07:51Z,bob-style
galloween, 2019-05-15T13:03:46Z, 2019-05-15T12:59:48Z,bob-style
galloween, 2019-05-15T11:45:12Z, 2019-05-15T11:27:51Z,bob-style
benbaler, 2019-05-19T07:54:49Z, 2019-05-15T08:55:48Z,bob-style
revitalf3, 2019-05-15T11:22:20Z, 2019-05-15T08:43:10Z,bob-style
galloween, 2019-05-15T11:04:10Z, 2019-05-14T23:42:09Z,bob-style
galloween, 2019-05-14T08:30:45Z, 2019-05-14T08:25:08Z,bob-style
omrihecht, 2019-05-13T08:33:11Z, 2019-05-13T08:27:51Z,bob-style
galloween, 2019-05-14T12:16:20Z, 2019-05-12T17:38:44Z,bob-style
tomeraronovsky, 2019-05-13T13:27:33Z, 2019-05-12T15:53:05Z,bob-style
omrihecht, 2019-05-12T15:13:09Z, 2019-05-12T15:07:27Z,bob-style
Yossitrx, 2019-05-14T12:16:21Z, 2019-05-12T13:59:20Z,bob-style
galloween, 2019-05-12T08:11:13Z, 2019-05-12T08:07:19Z,bob-style
galloween, 2019-05-12T09:58:59Z, 2019-05-11T20:05:56Z,bob-style
ishaiborovoy, 2019-05-08T12:14:15Z, 2019-05-08T12:11:13Z,bob-style
ishaiborovoy, 2019-05-08T12:04:25Z, 2019-05-08T12:01:49Z,bob-style
galloween, 2019-05-08T07:31:47Z, 2019-05-08T07:26:05Z,bob-style
ronyrosenberg, 2019-05-12T13:55:52Z, 2019-05-08T06:09:39Z,bob-style
omrihecht, 2019-05-07T20:26:14Z, 2019-05-07T20:23:55Z,bob-style
ishaiborovoy, 2019-05-08T11:06:17Z, 2019-05-07T15:43:04Z,bob-style
galloween, 2019-05-12T09:51:36Z, 2019-05-07T13:21:53Z,bob-style
ishaiborovoy, 2019-05-07T08:35:02Z, 2019-05-07T08:30:33Z,bob-style
galloween, 2019-05-07T09:06:38Z, 2019-05-06T15:27:41Z,bob-style
Yossitrx, 2019-05-06T15:20:02Z, 2019-05-06T15:06:56Z,bob-style
galloween, 2019-05-07T12:15:02Z, 2019-05-06T12:36:10Z,bob-style
ishaiborovoy, 2019-05-06T11:28:22Z, 2019-05-06T11:23:01Z,bob-style
galloween, 2019-05-06T11:06:41Z, 2019-05-06T10:32:29Z,bob-style
ishaiborovoy, 2019-05-06T10:50:02Z, 2019-05-06T10:16:37Z,bob-style
omrihecht, 2019-05-06T08:09:49Z, 2019-05-06T08:06:15Z,bob-style
omrihecht, 2019-05-06T07:59:52Z, 2019-05-06T07:11:08Z,bob-style
omrihecht, 2019-05-05T13:41:11Z, 2019-05-05T13:09:11Z,bob-style
galloween, 2019-05-05T10:03:52Z, 2019-05-05T10:01:52Z,bob-style
omrihecht, 2019-05-05T08:30:34Z, 2019-05-05T07:49:18Z,bob-style
galloween, 2019-05-19T11:08:38Z, 2019-05-02T16:44:29Z,bob-style
Yossitrx, 2019-05-06T13:43:08Z, 2019-05-02T15:19:42Z,bob-style
Yossitrx, 2019-05-02T07:56:42Z, 2019-05-02T05:28:19Z,bob-style
ishaiborovoy, 2019-05-02T05:06:06Z, 2019-05-02T05:03:34Z,bob-style
ishaiborovoy, 2019-05-01T20:03:36Z, 2019-05-01T19:54:33Z,bob-style
ishaiborovoy, 2019-05-01T19:05:51Z, 2019-05-01T18:24:01Z,bob-style
galloween, 2019-05-01T16:26:59Z, 2019-05-01T16:05:29Z,bob-style
galloween, 2019-05-01T14:55:39Z, 2019-05-01T14:38:52Z,bob-style
galloween, 2019-05-01T14:47:50Z, 2019-05-01T13:51:09Z,bob-style
danidin, 2019-05-01T13:12:54Z, 2019-05-01T13:01:56Z,bob-style
benbaler, 2019-05-02T07:38:41Z, 2019-05-01T12:49:47Z,bob-style
danidin, 2019-05-01T12:45:32Z, 2019-05-01T12:39:57Z,bob-style
Yossitrx, 2019-05-01T14:23:51Z, 2019-05-01T11:56:43Z,bob-style
galloween, 2019-05-01T12:09:24Z, 2019-05-01T11:06:43Z,bob-style
Yossitrx, 2019-05-01T14:29:22Z, 2019-05-01T08:55:19Z,bob-style
galloween, 2019-05-01T11:57:26Z, 2019-05-01T08:21:34Z,bob-style
omrihecht, 2019-05-01T09:10:30Z, 2019-04-30T21:02:01Z,bob-style
galloween, 2019-04-30T14:02:34Z, 2019-04-30T13:21:33Z,bob-style
Yossitrx, 2019-04-30T15:38:01Z, 2019-04-30T13:10:43Z,bob-style
ishaiborovoy, 2019-04-30T11:22:00Z, 2019-04-30T11:14:07Z,bob-style
galloween, 2019-05-01T12:22:20Z, 2019-04-30T09:31:42Z,bob-style
danidin, 2019-04-30T08:59:44Z, 2019-04-29T15:27:32Z,bob-style
ishaiborovoy, 2019-04-29T13:02:30Z, 2019-04-29T12:50:10Z,bob-style
ishaiborovoy, 2019-04-29T12:29:48Z, 2019-04-29T11:31:32Z,bob-style
galloween, 2019-04-29T12:48:10Z, 2019-04-29T10:34:55Z,bob-style
benbaler, 2019-04-29T06:38:39Z, 2019-04-29T05:52:32Z,bob-style
oriv, 2019-04-28T15:30:34Z, 2019-04-28T14:28:39Z,bob-style
galloween, 2019-04-30T12:23:54Z, 2019-04-28T14:20:17Z,bob-style
ishaiborovoy, 2019-04-28T13:21:32Z, 2019-04-28T12:53:09Z,bob-style
oriv, 2019-04-28T14:25:30Z, 2019-04-28T12:12:55Z,bob-style
ishaiborovoy, 2019-04-28T12:32:52Z, 2019-04-28T11:40:07Z,bob-style
galloween, 2019-04-29T09:57:34Z, 2019-04-28T09:35:31Z,bob-style
omrihecht, 2019-04-28T06:43:28Z, 2019-04-28T06:26:37Z,bob-style
benbaler, 2019-04-23T12:07:06Z, 2019-04-23T10:39:12Z,bob-style
galloween, 2019-04-23T12:54:35Z, 2019-04-23T10:07:13Z,bob-style
omrihecht, 2019-04-23T09:22:42Z, 2019-04-23T08:57:01Z,bob-style
ishaiborovoy, 2019-04-22T09:11:37Z, 2019-04-22T08:57:27Z,bob-style
omrihecht, 2019-04-21T15:04:00Z, 2019-04-21T15:03:38Z,bob-style
tomeraronovsky, 2019-04-23T09:42:30Z, 2019-04-21T14:42:33Z,bob-style
ishaiborovoy, 2019-04-22T04:54:13Z, 2019-04-21T14:01:59Z,bob-style
galloween, 2019-04-21T13:57:36Z, 2019-04-21T11:43:48Z,bob-style
omrihecht, 2019-04-21T11:48:23Z, 2019-04-21T11:34:37Z,bob-style
ishaiborovoy, 2019-04-21T11:38:25Z, 2019-04-21T09:58:43Z,bob-style
tomeraronovsky, 2019-04-21T12:12:05Z, 2019-04-21T08:29:42Z,bob-style
omrihecht, 2019-04-21T07:41:48Z, 2019-04-21T07:21:18Z,bob-style
danazelniker, 2019-04-21T08:11:43Z, 2019-04-21T06:25:31Z,bob-style
galloween, 2019-04-21T09:53:52Z, 2019-04-21T06:14:52Z,bob-style
omrihecht, 2019-04-18T13:21:32Z, 2019-04-18T13:18:11Z,bob-style
omrihecht, 2019-04-18T13:09:17Z, 2019-04-18T12:47:42Z,bob-style
tomeraronovsky, 2019-04-18T12:08:30Z, 2019-04-18T12:04:02Z,bob-style
danazelniker, 2019-04-18T11:23:28Z, 2019-04-18T11:16:36Z,bob-style
omrihecht, 2019-04-18T12:46:11Z, 2019-04-18T10:21:37Z,bob-style
danazelniker, 2019-04-18T10:26:16Z, 2019-04-18T10:02:22Z,bob-style
danazelniker, 2019-04-18T10:06:22Z, 2019-04-18T09:10:55Z,bob-style
tomeraronovsky, 2019-04-18T07:39:04Z, 2019-04-18T07:29:11Z,bob-style
danazelniker, 2019-04-18T07:16:41Z, 2019-04-18T06:51:05Z,bob-style
danazelniker, 2019-04-17T19:18:07Z, 2019-04-17T18:20:49Z,bob-style
tomeraronovsky, 2019-04-18T11:05:35Z, 2019-04-17T13:54:53Z,bob-style
benbaler, 2019-04-18T06:04:01Z, 2019-04-17T13:12:04Z,bob-style
tomeraronovsky, 2019-04-17T13:09:45Z, 2019-04-17T11:24:39Z,bob-style
galloween, 2019-04-17T11:17:39Z, 2019-04-17T11:15:06Z,bob-style
danazelniker, 2019-04-18T09:29:39Z, 2019-04-17T11:15:01Z,bob-style
omrihecht, 2019-04-17T07:35:55Z, 2019-04-17T07:25:40Z,bob-style
tomeraronovsky, 2019-04-16T14:18:17Z, 2019-04-16T14:03:25Z,bob-style
galloween, 2019-04-16T13:53:49Z, 2019-04-16T13:46:32Z,bob-style
galloween, 2019-04-16T14:02:24Z, 2019-04-16T11:52:59Z,bob-style
galloween, 2019-04-17T10:48:20Z, 2019-04-16T11:17:07Z,bob-style
galloween, 2019-04-15T14:58:20Z, 2019-04-15T14:57:14Z,bob-style
galloween, 2019-04-15T14:28:10Z, 2019-04-15T13:55:50Z,bob-style
galloween, 2019-04-15T13:54:44Z, 2019-04-15T13:51:34Z,bob-style
galloween, 2019-04-15T12:29:44Z, 2019-04-15T11:47:31Z,bob-style
galloween, 2019-04-15T11:34:05Z, 2019-04-15T11:07:55Z,bob-style
benbaler, 2019-04-15T11:01:32Z, 2019-04-15T10:50:00Z,bob-style
tomeraronovsky, 2019-04-16T12:48:29Z, 2019-04-15T10:12:28Z,bob-style
galloween, 2019-04-14T15:51:30Z, 2019-04-14T15:46:23Z,bob-style
galloween, 2019-04-14T15:44:38Z, 2019-04-14T13:48:17Z,bob-style
galloween, 2019-04-14T13:58:03Z, 2019-04-14T13:47:34Z,bob-style
galloween, 2019-04-14T13:36:21Z, 2019-04-14T13:24:05Z,bob-style
benbaler, 2019-04-14T13:17:15Z, 2019-04-14T13:12:40Z,bob-style
galloween, 2019-04-14T12:53:25Z, 2019-04-14T12:23:56Z,bob-style
galloween, 2019-04-14T12:20:16Z, 2019-04-14T12:09:53Z,bob-style
galloween, 2019-04-14T05:47:48Z, 2019-04-11T14:58:22Z,bob-style
galloween, 2019-04-11T15:26:36Z, 2019-04-11T14:38:30Z,bob-style
galloween, 2019-04-11T14:50:50Z, 2019-04-11T12:57:17Z,bob-style
omrihecht, 2019-04-11T06:08:02Z, 2019-04-11T05:51:13Z,bob-style
galloween, 2019-04-10T12:51:08Z, 2019-04-10T12:45:45Z,bob-style
omrihecht, 2019-04-10T10:36:57Z, 2019-04-10T10:00:57Z,bob-style
galloween, 2019-04-10T10:04:34Z, 2019-04-10T09:59:51Z,bob-style
galloween, 2019-04-10T09:07:52Z, 2019-04-10T08:53:05Z,bob-style
omrihecht, 2019-04-10T08:38:03Z, 2019-04-10T08:32:26Z,bob-style
galloween, 2019-04-10T08:28:25Z, 2019-04-08T15:47:38Z,bob-style
galloween, 2019-04-08T10:32:30Z, 2019-04-08T10:21:04Z,bob-style
omrihecht, 2019-04-07T13:55:17Z, 2019-04-07T13:49:55Z,bob-style
ishaiborovoy, 2019-04-07T20:47:12Z, 2019-04-07T13:31:15Z,bob-style
galloween, 2019-04-07T12:02:29Z, 2019-04-07T11:01:25Z,bob-style
galloween, 2019-04-07T13:31:54Z, 2019-04-04T11:30:42Z,bob-style
galloween, 2019-04-07T10:46:24Z, 2019-04-04T11:28:55Z,bob-style
galloween, 2019-04-07T08:28:45Z, 2019-04-04T11:28:11Z,bob-style
omrihecht, 2019-04-03T09:38:53Z, 2019-04-03T09:17:41Z,bob-style
galloween, 2019-04-03T08:54:42Z, 2019-04-02T14:50:04Z,bob-style
galloween, 2019-04-02T13:34:11Z, 2019-04-02T13:31:00Z,bob-style
galloween, 2019-04-02T13:13:49Z, 2019-04-02T13:13:12Z,bob-style
galloween, 2019-04-02T13:49:33Z, 2019-04-02T12:28:40Z,bob-style
danidin, 2019-04-02T12:31:43Z, 2019-04-02T12:08:22Z,bob-style
galloween, 2019-04-02T12:06:04Z, 2019-04-02T11:10:29Z,bob-style
omrihecht, 2019-04-01T12:13:45Z, 2019-04-01T12:09:42Z,bob-style
benbaler, 2019-04-01T14:19:30Z, 2019-04-01T12:01:40Z,bob-style
omrihecht, 2019-04-01T10:51:15Z, 2019-04-01T10:42:02Z,bob-style
omrihecht, 2019-04-01T10:37:26Z, 2019-04-01T09:12:39Z,bob-style
ishaiborovoy, 2019-03-31T13:08:06Z, 2019-03-31T13:04:24Z,bob-style
galloween, 2019-04-02T11:09:32Z, 2019-03-31T12:03:43Z,bob-style
galloween, 2019-03-31T11:37:49Z, 2019-03-31T08:42:39Z,bob-style
omrihecht, 2019-03-31T08:37:05Z, 2019-03-31T08:14:53Z,bob-style
omrihecht, 2019-03-31T06:46:08Z, 2019-03-31T06:19:56Z,bob-style
galloween, 2019-03-31T05:30:06Z, 2019-03-28T09:32:04Z,bob-style
omrihecht, 2019-03-28T06:41:40Z, 2019-03-28T06:37:05Z,bob-style
omrihecht, 2019-03-27T16:25:38Z, 2019-03-27T16:22:55Z,bob-style
ishaiborovoy, 2019-03-26T12:32:15Z, 2019-03-26T12:31:34Z,bob-style
galloween, 2019-03-27T09:13:38Z, 2019-03-25T18:39:58Z,bob-style
omrihecht, 2019-03-25T12:26:06Z, 2019-03-25T12:22:09Z,bob-style
omrihecht, 2019-03-25T12:19:19Z, 2019-03-25T12:12:56Z,bob-style
omrihecht, 2019-03-25T09:08:06Z, 2019-03-25T08:46:36Z,bob-style
galloween, 2019-03-25T14:51:45Z, 2019-03-24T16:02:48Z,bob-style
omrihecht, 2019-03-21T13:52:00Z, 2019-03-21T13:49:40Z,bob-style
galloween, 2019-03-21T13:32:18Z, 2019-03-21T09:41:09Z,bob-style
omrihecht, 2019-03-20T15:49:26Z, 2019-03-20T15:42:27Z,bob-style
omrihecht, 2019-03-20T15:20:47Z, 2019-03-20T15:15:37Z,bob-style
omrihecht, 2019-03-20T07:38:20Z, 2019-03-20T06:57:52Z,bob-style
galloween, 2019-03-20T11:07:28Z, 2019-03-19T16:55:52Z,bob-style
galloween, 2019-03-19T16:07:22Z, 2019-03-19T15:48:04Z,bob-style
doroncy, 2019-03-19T13:53:37Z, 2019-03-19T13:23:27Z,bob-style
galloween, 2019-03-19T09:43:51Z, 2019-03-19T08:50:24Z,bob-style
ishaiborovoy, 2019-03-19T07:46:49Z, 2019-03-19T07:44:35Z,bob-style
galloween, 2019-03-19T08:02:46Z, 2019-03-18T12:55:37Z,bob-style
galloween, 2019-03-18T11:50:37Z, 2019-03-18T10:50:04Z,bob-style
galloween, 2019-03-18T10:23:49Z, 2019-03-18T07:45:35Z,bob-style
galloween, 2019-03-18T08:46:45Z, 2019-03-17T10:00:13Z,bob-style
galloween, 2019-03-17T09:12:01Z, 2019-03-17T09:01:20Z,bob-style
ishaiborovoy, 2019-03-17T07:46:39Z, 2019-03-17T07:39:40Z,bob-style
omrihecht, 2019-03-17T06:39:42Z, 2019-03-17T06:30:36Z,bob-style
omrihecht, 2019-03-16T19:41:58Z, 2019-03-16T19:38:37Z,bob-style
omrihecht, 2019-03-16T07:32:25Z, 2019-03-16T07:27:22Z,bob-style
omrihecht, 2019-03-15T13:55:04Z, 2019-03-15T13:51:20Z,bob-style
omrihecht, 2019-03-14T07:51:37Z, 2019-03-14T07:45:10Z,bob-style
omrihecht, 2019-03-14T07:34:15Z, 2019-03-14T07:24:34Z,bob-style
omrihecht, 2019-03-13T08:12:13Z, 2019-03-13T07:55:10Z,bob-style
benbaler, 2019-03-14T08:32:00Z, 2019-03-13T06:55:56Z,bob-style
omrihecht, 2019-03-12T16:49:41Z, 2019-03-12T16:46:39Z,bob-style
omrihecht, 2019-03-12T13:26:03Z, 2019-03-12T13:20:26Z,bob-style
ishaiborovoy, 2019-03-12T10:36:47Z, 2019-03-12T10:30:31Z,bob-style
omrihecht, 2019-03-12T09:42:40Z, 2019-03-12T09:39:41Z,bob-style
benbaler, 2019-03-12T09:19:15Z, 2019-03-11T12:46:39Z,bob-style
omrihecht, 2019-03-10T16:06:49Z, 2019-03-10T16:05:30Z,bob-style
omrihecht, 2019-03-10T15:53:10Z, 2019-03-10T15:11:40Z,bob-style
ishaiborovoy, 2019-03-10T11:36:49Z, 2019-03-10T11:33:16Z,bob-style
omrihecht, 2019-03-10T11:31:08Z, 2019-03-10T11:28:06Z,bob-style
omrihecht, 2019-03-10T11:27:24Z, 2019-03-10T10:32:10Z,bob-style
omrihecht, 2019-03-10T10:28:22Z, 2019-03-10T10:15:54Z,bob-style
benbaler, 2019-03-11T12:23:53Z, 2019-03-10T09:28:43Z,bob-style
omrihecht, 2019-03-10T07:19:44Z, 2019-03-10T07:15:23Z,bob-style
omrihecht, 2019-03-10T06:53:14Z, 2019-03-10T06:51:40Z,bob-style
omrihecht, 2019-03-10T06:44:14Z, 2019-03-10T06:41:52Z,bob-style
omrihecht, 2019-03-09T18:53:43Z, 2019-03-09T18:50:43Z,bob-style
omrihecht, 2019-03-09T18:46:53Z, 2019-03-09T18:46:01Z,bob-style
omrihecht, 2019-03-07T15:50:19Z, 2019-03-07T15:42:17Z,bob-style
ishaiborovoy, 2019-03-07T12:02:34Z, 2019-03-07T11:56:03Z,bob-style
ishaiborovoy, 2019-03-07T11:23:07Z, 2019-03-07T11:14:06Z,bob-style
omrihecht, 2019-03-07T09:56:56Z, 2019-03-07T09:41:42Z,bob-style
ishaiborovoy, 2019-03-07T09:41:53Z, 2019-03-07T09:37:55Z,bob-style
ishaiborovoy, 2019-03-07T09:27:43Z, 2019-03-07T09:21:58Z,bob-style
ishaiborovoy, 2019-03-07T08:59:12Z, 2019-03-07T08:59:02Z,bob-style
doroncy, 2019-03-06T20:40:34Z, 2019-03-06T20:36:28Z,bob-style
omrihecht, 2019-03-06T15:19:16Z, 2019-03-06T15:11:11Z,bob-style
omrihecht, 2019-03-06T14:20:30Z, 2019-03-06T14:17:03Z,bob-style
doroncy, 2019-03-06T09:12:58Z, 2019-03-06T09:10:11Z,bob-style
doroncy, 2019-03-05T22:52:40Z, 2019-03-05T22:46:50Z,bob-style
omrihecht, 2019-03-05T12:03:15Z, 2019-03-05T12:00:10Z,bob-style
omrihecht, 2019-03-05T08:19:06Z, 2019-03-05T08:10:05Z,bob-style
doroncy, 2019-03-04T16:07:00Z, 2019-03-04T16:03:11Z,bob-style
doroncy, 2019-03-04T14:44:59Z, 2019-03-04T14:34:48Z,bob-style
omrihecht, 2019-03-04T12:59:55Z, 2019-03-04T12:55:50Z,bob-style
doroncy, 2019-03-04T13:34:13Z, 2019-03-04T12:51:08Z,bob-style
omrihecht, 2019-03-03T12:04:34Z, 2019-03-03T12:04:09Z,bob-style
omrihecht, 2019-03-03T07:23:15Z, 2019-03-03T07:20:47Z,bob-style
omrihecht, 2019-03-01T14:32:50Z, 2019-03-01T14:26:13Z,bob-style
omrihecht, 2019-03-01T07:29:14Z, 2019-03-01T07:24:17Z,bob-style
omrihecht, 2019-02-28T10:25:39Z, 2019-02-28T10:22:15Z,bob-style
omrihecht, 2019-02-28T10:05:51Z, 2019-02-28T09:58:05Z,bob-style
ishaiborovoy, 2019-02-28T08:47:15Z, 2019-02-28T08:46:05Z,bob-style
ishaiborovoy, 2019-02-27T14:05:32Z, 2019-02-27T14:02:10Z,bob-style
ishaiborovoy, 2019-02-27T13:55:21Z, 2019-02-27T13:55:11Z,bob-style
ishaiborovoy, 2019-02-27T13:39:50Z, 2019-02-27T13:36:57Z,bob-style
omrihecht, 2019-02-27T10:36:37Z, 2019-02-27T10:28:15Z,bob-style
omrihecht, 2019-02-27T07:35:38Z, 2019-02-27T07:16:31Z,bob-style
ishaiborovoy, 2019-02-26T15:45:55Z, 2019-02-26T15:41:06Z,bob-style
omrihecht, 2019-02-26T14:28:07Z, 2019-02-26T14:15:42Z,bob-style
omrihecht, 2019-02-26T13:52:24Z, 2019-02-26T11:24:23Z,bob-style
ishaiborovoy, 2019-02-26T09:02:28Z, 2019-02-26T08:54:22Z,bob-style
ishaiborovoy, 2019-02-26T06:38:07Z, 2019-02-26T06:37:16Z,bob-style
omrihecht, 2019-02-25T10:35:22Z, 2019-02-25T10:31:19Z,bob-style
ishaiborovoy, 2019-02-25T13:58:26Z, 2019-02-25T09:59:30Z,bob-style
ishaiborovoy, 2019-02-25T05:05:56Z, 2019-02-24T14:40:47Z,bob-style
omrihecht, 2019-02-24T11:15:49Z, 2019-02-24T10:15:09Z,bob-style
Yossitrx, 2019-02-22T15:01:40Z, 2019-02-22T14:21:01Z,bob-style
omrihecht, 2019-02-22T12:24:39Z, 2019-02-22T12:13:44Z,bob-style
omrihecht, 2019-02-21T15:55:54Z, 2019-02-21T15:40:30Z,bob-style
ishaiborovoy, 2019-02-21T08:53:31Z, 2019-02-21T08:41:27Z,bob-style
omrihecht, 2019-02-21T09:07:28Z, 2019-02-21T06:42:18Z,bob-style
ishaiborovoy, 2019-02-20T15:00:44Z, 2019-02-20T14:40:13Z,bob-style
omrihecht, 2019-02-20T13:36:18Z, 2019-02-20T13:34:02Z,bob-style
omrihecht, 2019-02-20T11:36:13Z, 2019-02-20T11:24:11Z,bob-style
omrihecht, 2019-02-20T11:20:18Z, 2019-02-20T11:16:24Z,bob-style
doroncy, 2019-02-20T10:55:23Z, 2019-02-20T10:38:09Z,bob-style
omrihecht, 2019-02-19T17:40:07Z, 2019-02-19T17:36:57Z,bob-style
doroncy, 2019-02-19T08:39:34Z, 2019-02-19T08:36:04Z,bob-style
ishaiborovoy, 2019-02-19T07:03:33Z, 2019-02-19T07:03:19Z,bob-style
doroncy, 2019-02-19T06:51:57Z, 2019-02-19T06:46:53Z,bob-style
doroncy, 2019-02-18T23:28:52Z, 2019-02-18T22:52:52Z,bob-style
ishaiborovoy, 2019-02-18T20:38:20Z, 2019-02-18T20:33:23Z,bob-style
ishaiborovoy, 2019-02-18T17:53:27Z, 2019-02-18T17:48:36Z,bob-style
doroncy, 2019-02-18T15:05:54Z, 2019-02-18T15:03:43Z,bob-style
doroncy, 2019-02-18T14:05:07Z, 2019-02-18T14:03:01Z,bob-style
ishaiborovoy, 2019-02-18T14:27:57Z, 2019-02-18T13:58:54Z,bob-style
doroncy, 2019-02-18T12:19:32Z, 2019-02-18T12:18:09Z,bob-style
doroncy, 2019-02-18T12:07:17Z, 2019-02-18T12:01:44Z,bob-style
doroncy, 2019-02-18T11:37:14Z, 2019-02-18T11:36:20Z,bob-style
omrihecht, 2019-02-18T09:32:40Z, 2019-02-18T09:30:09Z,bob-style
omrihecht, 2019-02-18T09:02:13Z, 2019-02-18T08:59:08Z,bob-style
idostern, 2019-02-18T07:10:47Z, 2019-02-18T07:08:17Z,bob-style
omrihecht, 2019-02-17T20:40:22Z, 2019-02-17T20:29:07Z,bob-style
doroncy, 2019-02-17T15:41:57Z, 2019-02-17T15:38:22Z,bob-style
doroncy, 2019-02-17T15:24:00Z, 2019-02-17T15:18:48Z,bob-style
omrihecht, 2019-02-17T14:04:28Z, 2019-02-17T14:00:47Z,bob-style
doroncy, 2019-02-17T14:57:40Z, 2019-02-17T13:48:38Z,bob-style
omrihecht, 2019-02-17T11:39:30Z, 2019-02-17T11:36:14Z,bob-style
doroncy, 2019-02-17T10:20:46Z, 2019-02-17T10:17:07Z,bob-style
doroncy, 2019-02-17T10:10:31Z, 2019-02-17T10:06:17Z,bob-style
omrihecht, 2019-02-17T09:31:24Z, 2019-02-17T09:27:44Z,bob-style
omrihecht, 2019-02-16T07:11:15Z, 2019-02-16T07:08:45Z,bob-style
omrihecht, 2019-02-14T13:38:25Z, 2019-02-14T13:35:15Z,bob-style
omrihecht, 2019-02-14T08:32:59Z, 2019-02-14T08:19:12Z,bob-style
ishaiborovoy, 2019-02-13T21:10:45Z, 2019-02-13T21:07:48Z,bob-style
ishaiborovoy, 2019-02-13T20:56:28Z, 2019-02-13T20:53:42Z,bob-style
omrihecht, 2019-02-13T20:19:29Z, 2019-02-13T20:16:09Z,bob-style
omrihecht, 2019-02-13T18:42:46Z, 2019-02-13T18:31:57Z,bob-style
doroncy, 2019-02-13T15:57:15Z, 2019-02-13T15:54:56Z,bob-style
omrihecht, 2019-02-13T11:29:41Z, 2019-02-13T11:15:27Z,bob-style
ishaiborovoy, 2019-02-13T10:29:32Z, 2019-02-13T06:36:39Z,bob-style
ishaiborovoy, 2019-02-13T05:28:29Z, 2019-02-13T05:27:13Z,bob-style
omrihecht, 2019-02-12T20:21:35Z, 2019-02-12T20:14:51Z,bob-style
omrihecht, 2019-02-12T20:07:58Z, 2019-02-12T19:42:15Z,bob-style
ishaiborovoy, 2019-02-12T22:59:53Z, 2019-02-12T18:30:58Z,bob-style
omrihecht, 2019-02-12T16:02:01Z, 2019-02-12T15:52:25Z,bob-style
omrihecht, 2019-02-12T15:48:28Z, 2019-02-12T15:37:50Z,bob-style
omrihecht, 2019-02-12T12:35:14Z, 2019-02-12T12:29:23Z,bob-style
ishaiborovoy, 2019-02-12T12:57:39Z, 2019-02-12T12:28:33Z,bob-style
omrihecht, 2019-02-11T20:52:57Z, 2019-02-11T20:35:14Z,bob-style
ishaiborovoy, 2019-02-12T09:36:08Z, 2019-02-10T10:58:34Z,bob-style
omrihecht, 2019-02-10T07:56:32Z, 2019-02-10T07:52:59Z,bob-style
omrihecht, 2019-02-10T07:49:45Z, 2019-02-10T07:34:21Z,bob-style
omrihecht, 2019-02-10T07:09:11Z, 2019-02-10T06:51:41Z,bob-style
ishaiborovoy, 2019-02-07T14:32:17Z, 2019-02-07T14:17:23Z,bob-style
doroncy, 2019-02-07T13:31:52Z, 2019-02-07T13:18:58Z,bob-style
omrihecht, 2019-02-06T12:54:49Z, 2019-02-06T12:53:06Z,bob-style
omrihecht, 2019-02-06T12:32:05Z, 2019-02-06T12:18:16Z,bob-style
doroncy, 2019-02-06T10:42:08Z, 2019-02-06T10:00:57Z,bob-style
doroncy, 2019-02-06T09:42:23Z, 2019-02-06T09:41:36Z,bob-style
doroncy, 2019-02-06T09:25:22Z, 2019-02-06T09:22:23Z,bob-style
omrihecht, 2019-02-05T17:22:10Z, 2019-02-05T17:19:05Z,bob-style
omrihecht, 2019-02-05T17:12:58Z, 2019-02-05T17:10:38Z,bob-style
omrihecht, 2019-02-05T14:01:18Z, 2019-02-05T13:57:43Z,bob-style
omrihecht, 2019-02-05T13:46:13Z, 2019-02-05T13:43:28Z,bob-style
omrihecht, 2019-02-05T13:22:05Z, 2019-02-05T13:17:49Z,bob-style
omrihecht, 2019-02-05T11:10:56Z, 2019-02-05T11:08:49Z,bob-style
omrihecht, 2019-02-05T08:17:03Z, 2019-02-05T08:03:33Z,bob-style
omrihecht, 2019-02-04T07:47:43Z, 2019-02-04T07:41:49Z,bob-style
omrihecht, 2019-02-03T17:02:14Z, 2019-02-03T16:53:15Z,bob-style
omrihecht, 2019-02-03T16:30:50Z, 2019-02-03T16:28:13Z,bob-style
doroncy, 2019-01-30T15:29:51Z, 2019-01-30T15:27:17Z,bob-style
omrihecht, 2019-01-30T06:43:49Z, 2019-01-30T06:35:58Z,bob-style
omrihecht, 2019-01-29T14:53:26Z, 2019-01-29T11:58:07Z,bob-style
omrihecht, 2019-01-29T08:34:27Z, 2019-01-29T08:19:09Z,bob-style
omrihecht, 2019-01-29T06:48:13Z, 2019-01-29T06:45:23Z,bob-style
omrihecht, 2019-01-28T19:37:36Z, 2019-01-28T19:35:13Z,bob-style
omrihecht, 2019-01-27T16:17:00Z, 2019-01-27T16:16:01Z,bob-style
omrihecht, 2019-01-27T16:10:08Z, 2019-01-27T16:00:31Z,bob-style
omrihecht, 2019-01-27T15:20:01Z, 2019-01-27T13:30:29Z,bob-style
omrihecht, 2019-01-27T06:33:46Z, 2019-01-26T19:37:32Z,bob-style
ishaiborovoy, 2019-01-24T12:48:55Z, 2019-01-24T12:43:27Z,bob-style
omrihecht, 2019-01-23T16:45:24Z, 2019-01-23T16:32:39Z,bob-style
ishaiborovoy, 2019-01-24T06:58:28Z, 2019-01-23T15:17:08Z,bob-style
ishaiborovoy, 2019-01-23T15:06:04Z, 2019-01-23T15:03:28Z,bob-style
omrihecht, 2019-01-23T14:42:59Z, 2019-01-23T14:38:30Z,bob-style
omrihecht, 2019-01-23T14:25:18Z, 2019-01-23T14:17:48Z,bob-style
omrihecht, 2019-01-23T13:21:03Z, 2019-01-23T13:17:08Z,bob-style
omrihecht, 2019-01-23T13:06:56Z, 2019-01-23T13:06:23Z,bob-style
omrihecht, 2019-01-23T12:33:28Z, 2019-01-23T12:25:49Z,bob-style
omrihecht, 2019-01-23T11:57:32Z, 2019-01-23T11:55:12Z,bob-style
omrihecht, 2019-01-23T11:45:46Z, 2019-01-23T10:56:09Z,bob-style
ishaiborovoy, 2019-01-23T10:44:14Z, 2019-01-23T10:29:22Z,bob-style
omrihecht, 2019-01-23T10:20:00Z, 2019-01-23T10:10:15Z,bob-style
omrihecht, 2019-01-23T07:47:45Z, 2019-01-23T07:27:35Z,bob-style
ishaiborovoy, 2019-01-22T09:28:23Z, 2019-01-22T09:18:40Z,bob-style
omrihecht, 2019-01-22T09:23:25Z, 2019-01-22T07:45:48Z,bob-style
omrihecht, 2019-01-21T15:46:03Z, 2019-01-21T15:20:44Z,bob-style
omrihecht, 2019-01-21T12:12:35Z, 2019-01-21T12:06:28Z,bob-style
omrihecht, 2019-01-21T10:54:00Z, 2019-01-21T07:57:07Z,bob-style
omrihecht, 2019-01-20T13:23:47Z, 2019-01-20T13:21:42Z,bob-style
omrihecht, 2019-01-17T21:31:09Z, 2019-01-17T21:25:22Z,bob-style
omrihecht, 2019-01-17T17:06:07Z, 2019-01-17T16:56:54Z,bob-style
omrihecht, 2019-01-17T13:21:35Z, 2019-01-17T12:51:54Z,bob-style
omrihecht, 2019-01-17T10:37:45Z, 2019-01-17T10:36:41Z,bob-style
ishaiborovoy, 2019-01-17T10:00:13Z, 2019-01-17T09:45:19Z,bob-style
ishaiborovoy, 2019-01-17T09:29:25Z, 2019-01-17T09:27:04Z,bob-style
doroncy, 2019-01-17T08:56:47Z, 2019-01-17T08:52:07Z,bob-style
omrihecht, 2019-01-17T06:31:32Z, 2019-01-16T22:26:07Z,bob-style
omrihecht, 2019-01-16T19:51:35Z, 2019-01-16T19:45:31Z,bob-style
ishaiborovoy, 2019-01-16T14:14:41Z, 2019-01-16T14:12:01Z,bob-style
ishaiborovoy, 2019-01-16T13:58:24Z, 2019-01-16T13:53:45Z,bob-style
omrihecht, 2019-01-16T12:45:33Z, 2019-01-16T12:43:31Z,bob-style
doroncy, 2019-01-16T09:43:26Z, 2019-01-16T09:41:28Z,bob-style
ishaiborovoy, 2019-01-16T09:34:35Z, 2019-01-16T08:42:53Z,bob-style
omrihecht, 2019-01-15T13:19:30Z, 2019-01-15T13:14:06Z,bob-style
omrihecht, 2019-01-15T12:59:47Z, 2019-01-15T12:55:02Z,bob-style
ishaiborovoy, 2019-01-15T18:08:22Z, 2019-01-15T12:28:04Z,bob-style
ishaiborovoy, 2019-01-15T17:32:52Z, 2019-01-15T11:45:16Z,bob-style
ishaiborovoy, 2019-01-15T09:32:30Z, 2019-01-14T21:46:49Z,bob-style
doroncy, 2019-01-14T16:05:01Z, 2019-01-14T16:02:14Z,bob-style
doroncy, 2019-01-14T15:54:14Z, 2019-01-14T15:32:13Z,bob-style
doroncy, 2019-01-14T13:26:55Z, 2019-01-14T13:23:59Z,bob-style
omrihecht, 2019-01-14T09:56:02Z, 2019-01-14T09:48:54Z,bob-style
doroncy, 2019-01-14T09:48:39Z, 2019-01-14T09:43:57Z,bob-style
doroncy, 2019-01-14T09:31:37Z, 2019-01-14T09:29:44Z,bob-style
doroncy, 2019-01-14T09:17:14Z, 2019-01-14T09:14:44Z,bob-style
omrihecht, 2019-01-13T15:09:58Z, 2019-01-13T15:06:27Z,bob-style
ishaiborovoy, 2019-01-13T15:25:10Z, 2019-01-13T13:16:31Z,bob-style
omrihecht, 2019-01-13T12:27:23Z, 2019-01-13T12:19:08Z,bob-style
ishaiborovoy, 2019-01-13T08:44:14Z, 2019-01-13T07:48:29Z,bob-style
ishaiborovoy, 2019-01-13T07:23:22Z, 2019-01-10T18:12:25Z,bob-style
omrihecht, 2019-01-10T14:20:21Z, 2019-01-10T14:08:41Z,bob-style
ishaiborovoy, 2019-01-10T18:09:49Z, 2019-01-10T13:33:49Z,bob-style
ishaiborovoy, 2019-01-10T12:55:28Z, 2019-01-10T09:59:38Z,bob-style
omrihecht, 2019-01-10T10:10:35Z, 2019-01-10T09:20:41Z,bob-style
ishaiborovoy, 2019-01-10T08:38:43Z, 2019-01-10T07:04:48Z,bob-style
ishaiborovoy, 2019-01-10T09:13:12Z, 2019-01-09T21:36:17Z,bob-style
omrihecht, 2019-01-09T19:12:16Z, 2019-01-09T18:51:28Z,bob-style
ishaiborovoy, 2019-01-09T18:16:39Z, 2019-01-09T13:07:18Z,bob-style
ishaiborovoy, 2019-01-09T12:06:19Z, 2019-01-09T12:00:12Z,bob-style
omrihecht, 2019-01-08T16:43:24Z, 2019-01-08T16:42:10Z,bob-style
ishaiborovoy, 2019-01-08T15:20:17Z, 2019-01-08T12:57:00Z,bob-style
ishaiborovoy, 2019-01-08T10:52:21Z, 2019-01-08T10:22:09Z,bob-style
ishaiborovoy, 2019-01-08T07:46:48Z, 2019-01-08T05:49:03Z,bob-style
ishaiborovoy, 2019-01-07T20:43:16Z, 2019-01-07T19:24:30Z,bob-style
ishaiborovoy, 2019-01-07T18:37:01Z, 2019-01-07T15:02:44Z,bob-style
omrihecht, 2019-01-07T13:05:18Z, 2019-01-07T12:30:18Z,bob-style
ishaiborovoy, 2019-01-07T11:14:34Z, 2019-01-06T18:57:15Z,bob-style
danazelniker, 2019-01-06T14:55:21Z, 2019-01-06T13:51:39Z,bob-style
ishaiborovoy, 2019-01-06T13:29:29Z, 2019-01-06T12:26:44Z,bob-style
ishaiborovoy, 2019-01-06T12:19:55Z, 2019-01-04T14:18:15Z,bob-style
ishaiborovoy, 2019-01-06T07:36:09Z, 2019-01-04T13:48:36Z,bob-style
doroncy, 2019-01-03T09:27:25Z, 2019-01-03T09:27:16Z,bob-style
doroncy, 2019-01-03T08:57:52Z, 2019-01-03T08:48:37Z,bob-style
doroncy, 2019-01-02T15:26:07Z, 2019-01-02T15:22:42Z,bob-style
doroncy, 2019-01-02T13:57:34Z, 2019-01-02T13:54:10Z,bob-style
doroncy, 2019-01-02T13:17:13Z, 2019-01-02T13:13:08Z,bob-style
doroncy, 2018-12-31T15:10:45Z, 2018-12-31T15:06:23Z,bob-style
doroncy, 2018-12-31T14:43:07Z, 2018-12-31T14:41:01Z,bob-style
ronyrosenberg, 2019-01-01T15:37:25Z, 2018-12-30T13:12:40Z,bob-style
doroncy, 2018-12-30T08:40:15Z, 2018-12-27T14:23:07Z,bob-style
doroncy, 2018-12-27T14:15:16Z, 2018-12-27T13:35:48Z,bob-style
doroncy, 2018-12-27T12:52:42Z, 2018-12-27T12:47:44Z,bob-style
doroncy, 2018-12-27T12:26:52Z, 2018-12-27T12:25:09Z,bob-style
omrihecht, 2018-12-27T12:37:07Z, 2018-12-27T12:17:19Z,bob-style
doroncy, 2018-12-25T14:01:56Z, 2018-12-25T13:57:13Z,bob-style
doroncy, 2018-12-25T13:49:34Z, 2018-12-25T13:47:07Z,bob-style
lielran, 2018-12-25T13:21:30Z, 2018-12-25T13:19:49Z,bob-style
lielran, 2018-12-25T13:08:11Z, 2018-12-25T13:07:56Z,bob-style
lielran, 2018-12-25T12:58:08Z, 2018-12-25T12:57:47Z,bob-style
doroncy, 2018-12-25T10:09:58Z, 2018-12-25T10:02:13Z,bob-style
lielran, 2018-12-25T08:59:13Z, 2018-12-25T08:57:49Z,bob-style
lielran, 2018-12-25T08:34:52Z, 2018-12-25T08:34:01Z,bob-style
lielran, 2018-12-25T08:25:23Z, 2018-12-25T08:25:11Z,bob-style
doroncy, 2018-12-25T08:55:44Z, 2018-12-25T08:21:19Z,bob-style
lielran, 2018-12-25T08:15:37Z, 2018-12-25T08:14:50Z,bob-style
doroncy, 2018-12-24T15:15:22Z, 2018-12-24T15:11:19Z,bob-style
lielran, 2018-12-24T14:48:52Z, 2018-12-24T14:48:41Z,bob-style
lielran, 2018-12-24T14:41:16Z, 2018-12-24T14:41:05Z,bob-style
lielran, 2018-12-24T14:36:10Z, 2018-12-24T14:32:23Z,bob-style
doroncy, 2018-12-24T13:45:25Z, 2018-12-24T13:41:01Z,bob-style
lielran, 2018-12-24T12:12:24Z, 2018-12-24T12:11:59Z,bob-style
doroncy, 2018-12-16T08:36:39Z, 2018-12-16T08:36:09Z,bob-style
doroncy, 2018-12-13T13:46:48Z, 2018-12-13T13:45:27Z,bob-style
doroncy, 2018-12-13T11:54:37Z, 2018-12-13T11:54:30Z,bob-style
doroncy, 2018-12-12T10:12:31Z, 2018-12-12T10:10:45Z,bob-style
doroncy, 2018-12-11T11:55:26Z, 2018-12-11T11:44:08Z,bob-style
doroncy, 2018-12-11T10:35:29Z, 2018-12-11T10:32:53Z,bob-style
doroncy, 2018-12-10T10:40:57Z, 2018-12-10T10:39:26Z,bob-style
doroncy, 2018-12-06T09:37:35Z, 2018-12-06T09:33:25Z,bob-style
doroncy, 2018-12-05T11:13:28Z, 2018-12-05T10:18:31Z,bob-style
doroncy, 2018-12-03T16:02:52Z, 2018-12-03T16:01:36Z,bob-style
doroncy, 2018-11-28T14:08:55Z, 2018-11-28T14:07:33Z,bob-style
doroncy, 2018-11-28T12:51:16Z, 2018-11-28T12:51:08Z,bob-style
doroncy, 2018-11-25T16:03:02Z, 2018-11-25T15:59:34Z,bob-style
doroncy, 2018-11-25T15:52:59Z, 2018-11-22T07:31:24Z,bob-style
doroncy, 2018-10-12T14:07:34Z, 2018-10-12T14:06:55Z,bob-style
doroncy, 2018-10-10T11:15:24Z, 2018-10-10T09:25:08Z,bob-style
lielran, 2018-10-07T08:51:46Z, 2018-10-07T08:48:46Z,bob-style
lielran, 2018-10-07T08:36:18Z, 2018-10-07T08:25:42Z,bob-style
lielran, 2018-10-04T19:40:11Z, 2018-10-04T19:38:05Z,bob-style
lielran, 2018-10-04T19:31:44Z, 2018-10-04T18:46:48Z,bob-style
lielran, 2018-10-04T18:43:51Z, 2018-10-04T18:42:47Z,bob-style
doroncy, 2018-10-03T14:35:19Z, 2018-10-03T13:26:26Z,bob-style
lielran, 2018-10-03T14:29:34Z, 2018-10-03T10:28:16Z,bob-style
lielran, 2018-10-03T09:19:29Z, 2018-10-03T09:13:48Z,bob-style
